symbol,buy_time,buy_datetime,buy_price,sell_time,sell_datetime,sell_price,profit_pct,hold_hours
1000BONKUSDT,1730863799999,2024-11-06 03:29:59,0.021736,1730924999999,2024-11-06 20:29:59,0.022046,1.4262053735738005,17.0
1000BONKUSDT,1747845899999,2025-05-21 16:44:59,0.021824,1747848599999,2025-05-21 17:29:59,0.020297,-6.996884164222876,0.75
1000BONKUSDT,1753708499999,2025-07-28 13:14:59,0.036224,1753709399999,2025-07-28 13:29:59,0.035919,-0.8419832155477024,0.25
1000FLOKIUSDT,1699680599999,2023-11-11 05:29:59,0.0335,1699686899999,2023-11-11 07:14:59,0.03236,-3.402985074626872,1.75
1000FLOKIUSDT,1699882199999,2023-11-13 13:29:59,0.03373,1699884899999,2023-11-13 14:14:59,0.03263,-3.2611918173732692,0.75
1000FLOKIUSDT,1705794299999,2024-01-20 23:44:59,0.03368,1705813199999,2024-01-21 04:59:59,0.03259,-3.236342042755346,5.25
1000FLOKIUSDT,1711629899999,2024-03-28 12:44:59,0.25342,1711630799999,2024-03-28 12:59:59,0.25172,-0.6708231394522846,0.25
1000FLOKIUSDT,1713636899999,2024-04-20 18:14:59,0.16985,1713705299999,2024-04-21 13:14:59,0.16922,-0.3709155136885438,19.0
1000FLOKIUSDT,1717402499999,2024-06-03 08:14:59,0.26787,1717425899999,2024-06-03 14:44:59,0.26994,0.7727629073804518,6.5
1000FLOKIUSDT,1733016599999,2024-12-01 01:29:59,0.23649,1733018399999,2024-12-01 01:59:59,0.23746,0.41016533468645544,0.5
1000LUNCUSDT,1674903599999,2023-01-28 10:59:59,0.18,1674905399999,2023-01-28 11:29:59,0.1786,-0.7777777777777692,0.5
1000LUNCUSDT,1700932499999,2023-11-25 17:14:59,0.07685,1700933399999,2023-11-25 17:29:59,0.07636,-0.6376057254391728,0.25
1000LUNCUSDT,1708879499999,2024-02-25 16:44:59,0.13286,1708916399999,2024-02-26 02:59:59,0.12803,-3.6354056902002116,10.25
1000LUNCUSDT,1711134899999,2024-03-22 19:14:59,0.14791,1711138499999,2024-03-22 20:14:59,0.14775,-0.10817388952742966,1.0
1000LUNCUSDT,1717084799999,2024-05-30 15:59:59,0.12502,1717114499999,2024-05-31 00:14:59,0.12086,-3.327467605183169,8.25
1000PEPEUSDT,1689271199999,2023-07-13 17:59:59,0.0016478,1689354899999,2023-07-14 17:14:59,0.0017349,5.285835659667429,23.25
1000PEPEUSDT,1700931599999,2023-11-25 16:59:59,0.0011768,1700962199999,2023-11-26 01:29:59,0.001161,-1.3426240652617316,8.5
1000PEPEUSDT,1703237399999,2023-12-22 09:29:59,0.0014071,1703296799999,2023-12-23 01:59:59,0.0014886,5.792054580342546,16.5
1000PEPEUSDT,1713639599999,2024-04-20 18:59:59,0.0057577,1713704399999,2024-04-21 12:59:59,0.0059367,3.1088802820570622,18.0
1000PEPEUSDT,1716248699999,2024-05-20 23:44:59,0.0113599,1716277499999,2024-05-21 07:44:59,0.0109448,-3.6540814619847,8.0
1000SHIBUSDT,1649178899999,2022-04-05 17:14:59,0.02844,1649186099999,2022-04-05 19:14:59,0.026915,-5.3621659634317815,2.0
1000SHIBUSDT,1649768399999,2022-04-12 12:59:59,0.026689,1649787299999,2022-04-12 18:14:59,0.026054,-2.3792573719509913,5.25
1000SHIBUSDT,1661424299999,2022-08-25 10:44:59,0.014324,1661441399999,2022-08-25 15:29:59,0.013746,-4.035185702317791,4.75
1000SHIBUSDT,1662713999999,2022-09-09 08:59:59,0.013797,1662729299999,2022-09-09 13:14:59,0.01286,-6.791331448865698,4.25
1000SHIBUSDT,1667541599999,2022-11-04 05:59:59,0.012884,1667542499999,2022-11-04 06:14:59,0.012694,-1.4746972989754672,0.25
1000SHIBUSDT,1674884699999,2023-01-28 05:44:59,0.012176,1674885599999,2023-01-28 05:59:59,0.012173,-0.024638633377131496,0.25
1000SHIBUSDT,1678291199999,2023-03-08 15:59:59,0.011529,1678297499999,2023-03-08 17:44:59,0.011391,-1.1969815248503708,1.75
1000SHIBUSDT,1690555499999,2023-07-28 14:44:59,0.008187,1690603199999,2023-07-29 03:59:59,0.008207,0.24428972761696496,13.25
1000SHIBUSDT,1702757699999,2023-12-16 20:14:59,0.011138,1702791899999,2023-12-17 05:44:59,0.010794,-3.0885257676423103,9.5
1000SHIBUSDT,1716804899999,2024-05-27 10:14:59,0.02561,1716839999999,2024-05-27 19:59:59,0.02541,-0.7809449433815004,9.75
1000SHIBUSDT,1730854799999,2024-11-06 00:59:59,0.018597,1730880899999,2024-11-06 08:14:59,0.018523,-0.39791364198525403,7.25
AAVEUSDT,1660138199999,2022-08-10 13:29:59,107.05,1660194899999,2022-08-11 05:14:59,111.34,4.0074731433909445,15.75
AAVEUSDT,1695917699999,2023-09-28 16:14:59,65.05,1695983399999,2023-09-29 10:29:59,66.12,1.6448885472713413,18.25
AAVEUSDT,1698857999999,2023-11-01 16:59:59,88.08,1698885899999,2023-11-02 00:44:59,87.78,-0.34059945504086875,7.75
AAVEUSDT,1702584899999,2023-12-14 20:14:59,100.63,1702656899999,2023-12-15 16:14:59,109.62,8.93371757925073,20.0
AAVEUSDT,1708703999999,2024-02-23 15:59:59,97.73,1708704899999,2024-02-23 16:14:59,94.8,-2.998055868208336,0.25
AAVEUSDT,1712425499999,2024-04-06 17:44:59,119.99,1712426399999,2024-04-06 17:59:59,118.42,-1.3084423701975108,0.25
AAVEUSDT,1730862899999,2024-11-06 03:14:59,148.37,1730987099999,2024-11-07 13:44:59,182.56,23.04374199636045,34.5
ACEUSDT,1708918199999,2024-02-26 03:29:59,11.605,1708963199999,2024-02-26 15:59:59,11.2547,-3.018526497199489,12.5
ACEUSDT,1732213799999,2024-11-21 18:29:59,2.5317,1732216499999,2024-11-21 19:14:59,2.5362,0.17774617845716992,0.75
ACEUSDT,1746028799999,2025-04-30 15:59:59,0.6685,1746053999999,2025-04-30 22:59:59,0.6666,-0.2842183994016474,7.0
ACEUSDT,1754506799999,2025-08-06 18:59:59,0.5457,1754508599999,2025-08-06 19:29:59,0.5424,-0.6047278724573887,0.5
ACTUSDT,1758077999999,2025-09-17 02:59:59,0.04296,1758078899999,2025-09-17 03:14:59,0.04224,-1.6759776536312814,0.25
ADAUSDT,1679430599999,2023-03-21 20:29:59,0.3669,1679476499999,2023-03-22 09:14:59,0.3694,0.6813845734532576,12.75
ADAUSDT,1735757999999,2025-01-01 18:59:59,0.9216,1735799399999,2025-01-02 06:29:59,0.9257,0.44487847222222143,11.5
ADAUSDT,1740932999999,2025-03-02 16:29:59,1.0226,1740986999999,2025-03-03 07:29:59,1.0064,-1.5841971445335414,15.0
ADAUSDT,1746284399999,2025-05-03 14:59:59,0.7185,1746289799999,2025-05-03 16:29:59,0.7197,0.1670146137787027,1.5
AGIXUSDT,1700382599999,2023-11-19 08:29:59,0.273,1700397899999,2023-11-19 12:44:59,0.272,-0.3663003663003666,4.25
AGIXUSDT,1711322999999,2024-03-24 23:29:59,1.1283,1711333799999,2024-03-25 02:29:59,1.1087,-1.7371266507134682,3.0
ALCHUSDT,1742214599999,2025-03-17 12:29:59,0.06302,1742256899999,2025-03-18 00:14:59,0.0665,5.522056490003168,11.75
ALCHUSDT,1764449099999,2025-11-29 20:44:59,0.16611,1764461699999,2025-11-30 00:14:59,0.16268,-2.0648967551622515,3.5
ALPHAUSDT,1650448799999,2022-04-20 09:59:59,0.3895,1650462299999,2022-04-20 13:44:59,0.3882,-0.3337612323491716,3.75
ALPHAUSDT,1665870299999,2022-10-15 21:44:59,0.1207,1665885599999,2022-10-16 01:59:59,0.1159,-3.976801988400993,4.25
ALPHAUSDT,1667453399999,2022-11-03 05:29:59,0.1255,1667461499999,2022-11-03 07:44:59,0.1234,-1.6733067729083704,2.25
ALPHAUSDT,1682625599999,2023-04-27 19:59:59,0.11878,1682696699999,2023-04-28 15:44:59,0.11954,0.6398383566256919,19.75
ALPHAUSDT,1729323899999,2024-10-19 07:44:59,0.06079,1729324799999,2024-10-19 07:59:59,0.06018,-1.0034545155453192,0.25
ALPHAUSDT,1746076499999,2025-05-01 05:14:59,0.03884,1746116099999,2025-05-01 16:14:59,0.03835,-1.2615859938207967,11.0
ALPHAUSDT,1747667699999,2025-05-19 15:14:59,0.03395,1747701899999,2025-05-20 00:44:59,0.03264,-3.858615611192927,9.5
ALPHAUSDT,1758563999999,2025-09-22 17:59:59,0.02379,1758566699999,2025-09-22 18:44:59,0.02248,-5.506515342580911,0.75
ALPINEUSDT,1757006099999,2025-09-04 17:14:59,1.8708,1757006999999,2025-09-04 17:29:59,1.8644,-0.3420996365191341,0.25
AMBUSDT,1695392099999,2023-09-22 14:14:59,0.008567,1695396599999,2023-09-22 15:29:59,0.008579,0.14007237072487286,1.25
AMBUSDT,1699888499999,2023-11-13 15:14:59,0.009564,1699890299999,2023-11-13 15:44:59,0.009404,-1.6729401923881264,0.5
AMBUSDT,1705916699999,2024-01-22 09:44:59,0.008334,1705937399999,2024-01-22 15:29:59,0.007695,-7.667386609071272,5.75
AMBUSDT,1707283799999,2024-02-07 05:29:59,0.007729,1707356699999,2024-02-08 01:44:59,0.008018,3.73916418682884,20.25
AMBUSDT,1717001099999,2024-05-29 16:44:59,0.010105,1717014599999,2024-05-29 20:29:59,0.009793,-3.0875804057397307,3.75
AMBUSDT,1722034799999,2024-07-26 22:59:59,0.007472,1722049199999,2024-07-27 02:59:59,0.007038,-5.808351177730197,4.0
AMBUSDT,1723978799999,2024-08-18 10:59:59,0.008632,1723984199999,2024-08-18 12:29:59,0.008344,-3.3364226135310475,1.5
ANIMEUSDT,1747507499999,2025-05-17 18:44:59,0.02367,1747508399999,2025-05-17 18:59:59,0.02353,-0.5914659907055396,0.25
APEUSDT,1700489699999,2023-11-20 14:14:59,1.458,1700537399999,2023-11-21 03:29:59,1.49,2.194787379972567,13.25
APEUSDT,1731762899999,2024-11-16 13:14:59,1.229,1731769199999,2024-11-16 14:59:59,1.1895,-3.213995117982106,1.75
API3USDT,1660240799999,2022-08-11 17:59:59,2.22,1660241699999,2022-08-11 18:14:59,2.163,-2.567567567567585,0.25
API3USDT,1674288899999,2023-01-21 08:14:59,1.516,1674323099999,2023-01-21 17:44:59,1.628,7.3878627968337645,9.5
API3USDT,1675220399999,2023-02-01 02:59:59,1.648,1675221299999,2023-02-01 03:14:59,1.673,1.516990291262144,0.25
API3USDT,1689848999999,2023-07-20 10:29:59,1.139,1689864299999,2023-07-20 14:44:59,1.12,-1.668129938542573,4.25
API3USDT,1691324099999,2023-08-06 12:14:59,1.092,1691387099999,2023-08-07 05:44:59,1.282,17.399267399267394,17.5
API3USDT,1693219499999,2023-08-28 10:44:59,1.067,1693268999999,2023-08-29 00:29:59,1.024,-4.029990627928766,13.75
API3USDT,1694691899999,2023-09-14 11:44:59,1.0689,1694692799999,2023-09-14 11:59:59,1.0665,-0.22452989054167438,0.25
API3USDT,1695780899999,2023-09-27 02:14:59,1.1318,1695787199999,2023-09-27 03:59:59,1.1234,-0.7421805972786679,1.75
API3USDT,1696849199999,2023-10-09 10:59:59,1.127,1696863599999,2023-10-09 14:59:59,1.0715,-4.924578527063008,4.0
API3USDT,1702373399999,2023-12-12 09:29:59,1.7263,1702376099999,2023-12-12 10:14:59,1.6714,-3.1802120141342725,0.75
API3USDT,1704008699999,2023-12-31 07:44:59,2.0873,1704012299999,2023-12-31 08:44:59,1.9426,-6.932400709049961,1.0
API3USDT,1705712399999,2024-01-20 00:59:59,1.8187,1705777199999,2024-01-20 18:59:59,2.5906,42.442403914884245,18.0
API3USDT,1706380199999,2024-01-27 18:29:59,2.4155,1706445899999,2024-01-28 12:44:59,2.8053,16.13744566342371,18.25
API3USDT,1709961299999,2024-03-09 05:14:59,4.2837,1709968499999,2024-03-09 07:14:59,3.9672,-7.388472582113584,2.0
API3USDT,1710966599999,2024-03-20 20:29:59,3.5292,1710999899999,2024-03-21 05:44:59,3.6482,3.3718689788054013,9.25
API3USDT,1729376999999,2024-10-19 22:29:59,1.4808,1729378799999,2024-10-19 22:59:59,1.4734,-0.4997298757428317,0.5
API3USDT,1730051999999,2024-10-27 17:59:59,1.7549,1730053799999,2024-10-27 18:29:59,1.6822,-4.142686192945466,0.5
API3USDT,1744478999999,2025-04-12 17:29:59,0.9081,1744537499999,2025-04-13 09:44:59,0.8898,-2.015196564255036,16.25
API3USDT,1755347399999,2025-08-16 12:29:59,0.8744,1755356399999,2025-08-16 14:59:59,0.8207,-6.141354071363217,2.5
API3USDT,1757182499999,2025-09-06 18:14:59,1.1009,1757189699999,2025-09-06 20:14:59,1.0425,-5.304750658552095,2.0
APTUSDT,1676384099999,2023-02-14 14:14:59,13.98,1676384999999,2023-02-14 14:29:59,13.766,-1.530758226037199,0.25
APTUSDT,1691585999999,2023-08-09 12:59:59,7.779,1691639099999,2023-08-10 03:44:59,7.339,-5.656254017225859,14.75
APTUSDT,1702392299999,2023-12-12 14:44:59,8.666,1702393199999,2023-12-12 14:59:59,8.707,0.47311331640895876,0.25
APTUSDT,1710411299999,2024-03-14 10:14:59,14.035,1710422999999,2024-03-14 13:29:59,13.783,-1.7955112219451417,3.25
APTUSDT,1727957699999,2024-10-03 12:14:59,8.3495,1727961299999,2024-10-03 13:14:59,8.364,0.17366309359841853,1.0
APTUSDT,1728751499999,2024-10-12 16:44:59,9.5416,1728752399999,2024-10-12 16:59:59,9.4727,-0.7221011151169727,0.25
APTUSDT,1732094999999,2024-11-20 09:29:59,12.727,1732101299999,2024-11-20 11:14:59,12.5557,-1.3459574133731471,1.75
ARBUSDT,1748485799999,2025-05-29 02:29:59,0.4361,1748508299999,2025-05-29 08:44:59,0.4223,-3.164411832148585,6.25
ARUSDT,1667433599999,2022-11-02 23:59:59,11.258,1667479499999,2022-11-03 12:44:59,14.774,31.23112453366495,12.75
ARUSDT,1668563099999,2022-11-16 01:44:59,10.402,1668583799999,2022-11-16 07:29:59,9.78,-5.9796193039800025,5.75
ARUSDT,1700350199999,2023-11-18 23:29:59,7.981,1700352899999,2023-11-19 00:14:59,7.879,-1.2780353339180592,0.75
ARUSDT,1715777999999,2024-05-15 12:59:59,43.546,1715811299999,2024-05-15 22:14:59,44.15,1.387038993248517,9.25
ARUSDT,1717080299999,2024-05-30 14:44:59,43.78,1717118999999,2024-05-31 01:29:59,42.76,-2.3298309730470605,10.75
ASRUSDT,1754608499999,2025-08-07 23:14:59,7.503,1754653499999,2025-08-08 11:44:59,7.422,-1.0795681727309132,12.5
ATOMUSDT,1702386899999,2023-12-12 13:14:59,11.698,1702403099999,2023-12-12 17:44:59,11.394,-2.598734826466065,4.5
AVAXUSDT,1648417499999,2022-03-27 21:44:59,88.39,1648503899999,2022-03-28 21:44:59,92.21,4.321755854734691,24.0
AVAXUSDT,1689278399999,2023-07-13 19:59:59,14.086,1689283799999,2023-07-13 21:29:59,13.792,-2.0871787590515436,1.5
AVAXUSDT,1710150299999,2024-03-11 09:44:59,44.808,1710224099999,2024-03-12 06:14:59,48.214,7.601321192644169,20.5
AXLUSDT,1721529899999,2024-07-21 02:44:59,0.7942,1721532599999,2024-07-21 03:29:59,0.7848,-1.1835809619743092,0.75
AXLUSDT,1728671399999,2024-10-11 18:29:59,0.679,1728772199999,2024-10-12 22:29:59,0.8234,21.266568483063324,28.0
AXLUSDT,1730186099999,2024-10-29 07:14:59,0.7895,1730186999999,2024-10-29 07:29:59,0.7921,0.32932235592147524,0.25
AXLUSDT,1731785399999,2024-11-16 19:29:59,0.7944,1731802499999,2024-11-17 00:14:59,0.7705,-3.008559919436056,4.75
AXLUSDT,1734290999999,2024-12-15 19:29:59,0.9958,1734291899999,2024-12-15 19:44:59,0.9728,-2.3097007431211107,0.25
AXLUSDT,1746619199999,2025-05-07 11:59:59,0.3664,1746629099999,2025-05-07 14:44:59,0.3661,-0.08187772925764805,2.75
AXSUSDT,1648860299999,2022-04-02 00:44:59,71.1,1648880099999,2022-04-02 06:14:59,70.79,-0.4360056258790268,5.5
AXSUSDT,1690684199999,2023-07-30 02:29:59,6.309,1690702199999,2023-07-30 07:29:59,6.247,-0.9827230939927132,5.0
AXSUSDT,1704938399999,2024-01-11 01:59:59,8.627,1704953699999,2024-01-11 06:14:59,8.265,-4.196128433986323,4.25
AXSUSDT,1717278299999,2024-06-01 21:44:59,8.033,1717280099999,2024-06-01 22:14:59,7.962,-0.8838541018299482,0.5
AXSUSDT,1729298699999,2024-10-19 00:44:59,5.234,1729334699999,2024-10-19 10:44:59,5.123,-2.120748949178444,10.0
AXSUSDT,1755877499999,2025-08-22 15:44:59,2.394,1755917099999,2025-08-23 02:44:59,2.437,1.7961570593149419,11.0
AXSUSDT,1756600199999,2025-08-31 00:29:59,2.472,1756637999999,2025-08-31 10:59:59,2.568,3.8834951456310716,10.5
B2USDT,1754567099999,2025-08-07 11:44:59,0.4061,1754587799999,2025-08-07 17:29:59,0.3945,-2.8564393006648605,5.75
B2USDT,1756719899999,2025-09-01 09:44:59,0.396,1756726199999,2025-09-01 11:29:59,0.3822,-3.4848484848484933,1.75
BAKEUSDT,1650509099999,2022-04-21 02:44:59,0.9181,1650558599999,2022-04-21 16:29:59,0.9308,1.3832915804378536,13.75
BAKEUSDT,1676199599999,2023-02-12 10:59:59,0.2429,1676205899999,2023-02-12 12:44:59,0.2361,-2.7995059695347884,1.75
BAKEUSDT,1692875699999,2023-08-24 11:14:59,0.107,1692925199999,2023-08-25 00:59:59,0.1023,-4.392523364485978,13.75
BAKEUSDT,1700504999999,2023-11-20 18:29:59,0.1503,1700505899999,2023-11-20 18:44:59,0.1484,-1.264138389886883,0.25
BAKEUSDT,1701794699999,2023-12-05 16:44:59,0.2901,1701843299999,2023-12-06 06:14:59,0.2932,1.0685970355049952,13.5
BAKEUSDT,1702955699999,2023-12-19 03:14:59,0.2653,1702971899999,2023-12-19 07:44:59,0.2542,-4.183942706370146,4.5
BAKEUSDT,1711084499999,2024-03-22 05:14:59,0.4342,1711086299999,2024-03-22 05:44:59,0.435,0.18424689083372248,0.5
BAKEUSDT,1718194499999,2024-06-12 12:14:59,0.3329,1718226899999,2024-06-12 21:14:59,0.3527,5.947732051667179,9.0
BAKEUSDT,1748335499999,2025-05-27 08:44:59,0.1411,1748338199999,2025-05-27 09:29:59,0.1398,-0.9213323883770344,0.75
BAKEUSDT,1757484899999,2025-09-10 06:14:59,0.0898,1757526299999,2025-09-10 17:44:59,0.1065,18.596881959910906,11.5
BANKUSDT,1752858899999,2025-07-18 17:14:59,0.089753,1752866099999,2025-07-18 19:14:59,0.065752,-26.74116742615845,2.0
BANKUSDT,1754540099999,2025-08-07 04:14:59,0.058816,1754551799999,2025-08-07 07:29:59,0.05746,-2.3054951033732367,3.25
BANKUSDT,1758356999999,2025-09-20 08:29:59,0.10874,1758358799999,2025-09-20 08:59:59,0.09592,-11.789589847342283,0.5
BANKUSDT,1760710499999,2025-10-17 14:14:59,0.15369,1760711399999,2025-10-17 14:29:59,0.14977,-2.5505888476804,0.25
BANKUSDT,1763029799999,2025-11-13 10:29:59,0.10554,1763030699999,2025-11-13 10:44:59,0.08961,-15.093803297328028,0.25
BATUSDT,1659701699999,2022-08-05 12:14:59,0.426,1659703499999,2022-08-05 12:44:59,0.422,-0.9389671361502356,0.5
BATUSDT,1676382299999,2023-02-14 13:44:59,0.2948,1676384099999,2023-02-14 14:14:59,0.2873,-2.5440976933514268,0.5
BATUSDT,1690114499999,2023-07-23 12:14:59,0.207,1690116299999,2023-07-23 12:44:59,0.2068,-0.09661835748791206,0.5
BATUSDT,1696790699999,2023-10-08 18:44:59,0.1809,1696815899999,2023-10-09 01:44:59,0.1791,-0.9950248756218882,7.0
BATUSDT,1697329799999,2023-10-15 00:29:59,0.1771,1697368499999,2023-10-15 11:14:59,0.1746,-1.4116318464144562,10.75
BATUSDT,1735023599999,2024-12-24 06:59:59,0.2389,1735085699999,2024-12-25 00:14:59,0.2749,15.069066555043943,17.25
BATUSDT,1755324899999,2025-08-16 06:14:59,0.1675,1755330299999,2025-08-16 07:44:59,0.1657,-1.074626865671656,1.5
BATUSDT,1761532199999,2025-10-27 02:29:59,0.1856,1761545699999,2025-10-27 06:14:59,0.1791,-3.5021551724137816,3.75
BATUSDT,1761982199999,2025-11-01 07:29:59,0.1785,1762043399999,2025-11-02 00:29:59,0.1877,5.154061624649868,17.0
BCHUSDT,1658979899999,2022-07-28 03:44:59,135.86,1659054599999,2022-07-29 00:29:59,148.78,9.509789489180028,20.75
BCHUSDT,1661245199999,2022-08-23 08:59:59,128.41,1661309099999,2022-08-24 02:44:59,132.29,3.0215715286971383,17.75
BCHUSDT,1670216399999,2022-12-05 04:59:59,113.82,1670253299999,2022-12-05 15:14:59,113.16,-0.5798629414865548,10.25
BCHUSDT,1691402399999,2023-08-07 09:59:59,239.04,1691422199999,2023-08-07 15:29:59,233.9,-2.1502677376171295,5.5
BCHUSDT,1703671199999,2023-12-27 09:59:59,255.22,1703768399999,2023-12-28 12:59:59,266.17,4.290416111590008,27.0
BCHUSDT,1728912599999,2024-10-14 13:29:59,340.63,1728990899999,2024-10-15 11:14:59,363.8,6.802101987493766,21.75
BCHUSDT,1752821999999,2025-07-18 06:59:59,538.65,1752848999999,2025-07-18 14:29:59,517.82,-3.8670750951452573,7.5
BCHUSDT,1754321399999,2025-08-04 15:29:59,577.85,1754322299999,2025-08-04 15:44:59,574.04,-0.6593406593406695,0.25
BCHUSDT,1755876599999,2025-08-22 15:29:59,597.12,1755916199999,2025-08-23 02:29:59,591.23,-0.9864013933547673,11.0
BCHUSDT,1764512099999,2025-11-30 14:14:59,558.05,1764517499999,2025-11-30 15:44:59,552.07,-1.0715885673326593,1.5
BIOUSDT,1754552699999,2025-08-07 07:44:59,0.06508,1754624699999,2025-08-08 03:44:59,0.08794,35.12599877074371,20.0
BIOUSDT,1755457199999,2025-08-17 18:59:59,0.12271,1755485099999,2025-08-18 02:44:59,0.12383,0.9127210496292039,7.75
BIOUSDT,1757093399999,2025-09-05 17:29:59,0.15703,1757150999999,2025-09-06 09:29:59,0.17241,9.794306820352801,16.0
BIOUSDT,1757768399999,2025-09-13 12:59:59,0.16615,1757809799999,2025-09-14 00:29:59,0.16696,0.4875112849834518,11.5
BLZUSDT,1661304599999,2022-08-24 01:29:59,0.09723,1661427899999,2022-08-25 11:44:59,0.14289,46.96081456340635,34.25
BLZUSDT,1667449799999,2022-11-03 04:29:59,0.08354,1667450699999,2022-11-03 04:44:59,0.08215,-1.6638735934881521,0.25
BLZUSDT,1676478599999,2023-02-15 16:29:59,0.09827,1676549699999,2023-02-16 12:14:59,0.10673,8.608934568026875,19.75
BLZUSDT,1689274799999,2023-07-13 18:59:59,0.06051,1689326999999,2023-07-14 09:29:59,0.06053,0.033052388035034186,14.5
BLZUSDT,1693786499999,2023-09-04 00:14:59,0.12736,1693790099999,2023-09-04 01:14:59,0.12825,0.698806532663318,1.0
BLZUSDT,1698588899999,2023-10-29 14:14:59,0.23098,1698589799999,2023-10-29 14:29:59,0.23127,0.1255519958438014,0.25
BLZUSDT,1702412099999,2023-12-12 20:14:59,0.30702,1702420199999,2023-12-12 22:29:59,0.28906,-5.849781773174396,2.25
BLZUSDT,1702655099999,2023-12-15 15:44:59,0.30371,1702658699999,2023-12-15 16:44:59,0.29588,-2.5781172829343797,1.0
BLZUSDT,1704298499999,2024-01-03 16:14:59,0.36244,1704300299999,2024-01-03 16:44:59,0.35072,-3.2336386712283436,0.5
BLZUSDT,1726711199999,2024-09-19 01:59:59,0.14633,1726748099999,2024-09-19 12:14:59,0.1395,-4.667532290029369,10.25
BNBUSDT,1667924999999,2022-11-08 16:29:59,378.53,1667929499999,2022-11-08 17:44:59,360.14,-4.8582675085197975,1.25
BNBUSDT,1669192199999,2022-11-23 08:29:59,291.9,1669250699999,2022-11-24 00:44:59,295.93,1.3806097978759952,16.25
BNBUSDT,1701671399999,2023-12-04 06:29:59,234.15,1701688499999,2023-12-04 11:14:59,226.58,-3.232970318172109,4.75
BNBUSDT,1717277399999,2024-06-01 21:29:59,608.53,1717282799999,2024-06-01 22:59:59,601.58,-1.1420965276978838,1.5
BNBUSDT,1761235199999,2025-10-23 15:59:59,1130.0,1761236099999,2025-10-23 16:14:59,1126.45,-0.3141592920353942,0.25
BNXUSDT,1667216699999,2022-10-31 11:44:59,151.67,1667222099999,2022-10-31 13:14:59,149.33,-1.542823234654167,1.5
BNXUSDT,1696603499999,2023-10-06 14:44:59,0.2204,1696661999999,2023-10-07 06:59:59,0.2246,1.905626134301262,16.25
BNXUSDT,1701679499999,2023-12-04 08:44:59,0.3015,1701680399999,2023-12-04 08:59:59,0.3007,-0.26533996683249333,0.25
BNXUSDT,1708597799999,2024-02-22 10:29:59,0.3021,1708609499999,2024-02-22 13:44:59,0.2988,-1.0923535253227308,3.25
BNXUSDT,1712042099999,2024-04-02 07:14:59,0.643,1712045699999,2024-04-02 08:14:59,0.6155,-4.276827371695173,1.0
BNXUSDT,1713814199999,2024-04-22 19:29:59,0.7902,1713833099999,2024-04-23 00:44:59,0.7983,1.0250569476081999,5.25
BNXUSDT,1715692499999,2024-05-14 13:14:59,0.965,1715709599999,2024-05-14 17:59:59,0.9599,-0.5284974093264242,4.75
BNXUSDT,1719325799999,2024-06-25 14:29:59,1.171,1719377099999,2024-06-26 04:44:59,1.1751,0.35012809564474745,14.25
BNXUSDT,1722331799999,2024-07-30 09:29:59,1.4884,1722385799999,2024-07-31 00:29:59,1.4753,-0.8801397473797292,15.0
BNXUSDT,1739036699999,2025-02-08 17:44:59,0.4874,1739069999999,2025-02-09 02:59:59,0.3422,-29.79072630283135,9.25
BNXUSDT,1741373099999,2025-03-07 18:44:59,1.0067,1741391099999,2025-03-07 23:44:59,0.9658,-4.0627793781662795,5.0
BONDUSDT,1725370199999,2024-09-03 13:29:59,2.226,1725371099999,2024-09-03 13:44:59,2.194,-1.437556154537288,0.25
BONDUSDT,1726735499999,2024-09-19 08:44:59,2.125,1726833599999,2024-09-20 11:59:59,2.397,12.79999999999999,27.25
BSWUSDT,1748102399999,2025-05-24 15:59:59,0.03239,1748119499999,2025-05-24 20:44:59,0.03289,1.5436863229391802,4.75
BSWUSDT,1750931999999,2025-06-26 09:59:59,0.03375,1750946399999,2025-06-26 13:59:59,0.02638,-21.837037037037042,4.0
BSWUSDT,1757500199999,2025-09-10 10:29:59,0.0329,1757520899999,2025-09-10 16:14:59,0.0212,-35.56231003039513,5.75
BTCUSDT,1660139099999,2022-08-10 13:44:59,24041.9,1660139999999,2022-08-10 13:59:59,24012.2,-0.12353432964948996,0.25
BTCUSDT,1667567699999,2022-11-04 13:14:59,20767.0,1667580299999,2022-11-04 16:44:59,20756.9,-0.04863485337313307,3.5
BTCUSDT,1688636699999,2023-07-06 09:44:59,31159.0,1688637599999,2023-07-06 09:59:59,31064.7,-0.3026412914406729,0.25
BTCUSDT,1689021899999,2023-07-10 20:44:59,30814.5,1689026399999,2023-07-10 21:59:59,30282.7,-1.7258109007123248,1.25
CAKEUSDT,1708566299999,2024-02-22 01:44:59,2.7764,1708567199999,2024-02-22 01:59:59,2.7405,-1.2930413485088699,0.25
CAKEUSDT,1717549199999,2024-06-05 00:59:59,3.1086,1717611299999,2024-06-05 18:14:59,3.1249,0.5243517982371407,17.25
CAKEUSDT,1749066299999,2025-06-04 19:44:59,2.4652,1749067199999,2025-06-04 19:59:59,2.4728,0.3082914165179317,0.25
CAKEUSDT,1758077999999,2025-09-17 02:59:59,2.7193,1758080699999,2025-09-17 03:44:59,2.6182,-3.717868569117059,0.75
CELOUSDT,1647484199999,2022-03-17 02:29:59,3.091,1647524699999,2022-03-17 13:44:59,2.971,-3.882238757683601,11.25
CELOUSDT,1670134499999,2022-12-04 06:14:59,0.642,1670211899999,2022-12-05 03:44:59,0.694,8.099688473520239,21.5
CELOUSDT,1676197799999,2023-02-12 10:29:59,0.858,1676206799999,2023-02-12 12:59:59,0.849,-1.0489510489510498,2.5
CELOUSDT,1680092999999,2023-03-29 12:29:59,0.733,1680139799999,2023-03-30 01:29:59,0.695,-5.184174624829472,13.0
CELOUSDT,1688263199999,2023-07-02 01:59:59,0.511,1688271299999,2023-07-02 04:14:59,0.477,-6.653620352250495,2.25
CELOUSDT,1691024399999,2023-08-03 00:59:59,0.529,1691046899999,2023-08-03 07:14:59,0.526,-0.5671077504725902,6.25
CELOUSDT,1708643699999,2024-02-22 23:14:59,0.803,1708661699999,2024-02-23 04:14:59,0.805,0.24906600249066024,5.0
CELOUSDT,1728125099999,2024-10-05 10:44:59,0.757,1728144899999,2024-10-05 16:14:59,0.743,-1.8494055482166463,5.5
CFXUSDT,1706256899999,2024-01-26 08:14:59,0.1924,1706340599999,2024-01-27 07:29:59,0.2211,14.916839916839919,23.25
CFXUSDT,1753766999999,2025-07-29 05:29:59,0.22272,1753801199999,2025-07-29 14:59:59,0.23031,3.4078663793103385,9.5
CFXUSDT,1755140399999,2025-08-14 02:59:59,0.20831,1755141299999,2025-08-14 03:14:59,0.2035,-2.3090586145648353,0.25
CFXUSDT,1755692099999,2025-08-20 12:14:59,0.191,1755692999999,2025-08-20 12:29:59,0.17965,-5.94240837696335,0.25
CFXUSDT,1756389599999,2025-08-28 13:59:59,0.18852,1756390499999,2025-08-28 14:14:59,0.18496,-1.8883938043708783,0.25
CHZUSDT,1662882299999,2022-09-11 07:44:59,0.21636,1662901199999,2022-09-11 12:59:59,0.21207,-1.9828064337215698,5.25
CHZUSDT,1677680999999,2023-03-01 14:29:59,0.14199,1677690899999,2023-03-01 17:14:59,0.13663,-3.774913726318757,2.75
CHZUSDT,1701459899999,2023-12-01 19:44:59,0.07445,1701470699999,2023-12-01 22:44:59,0.07412,-0.44325050369375013,3.0
CHZUSDT,1706984099999,2024-02-03 18:14:59,0.10502,1706985899999,2024-02-03 18:44:59,0.10467,-0.33326985336126747,0.5
CHZUSDT,1716665399999,2024-05-25 19:29:59,0.12872,1716714899999,2024-05-26 09:14:59,0.13406,4.148539465506534,13.75
CHZUSDT,1753654499999,2025-07-27 22:14:59,0.04497,1753664399999,2025-07-28 00:59:59,0.04405,-2.0458083166555574,2.75
COMBOUSDT,1694842199999,2023-09-16 05:29:59,0.5835,1694873699999,2023-09-16 14:14:59,0.5618,-3.718937446443882,8.75
COMBOUSDT,1702887299999,2023-12-18 08:14:59,0.8598,1702888199999,2023-12-18 08:29:59,0.8568,-0.34891835310537367,0.25
COMBOUSDT,1712456999999,2024-04-07 02:29:59,1.0179,1712457899999,2024-04-07 02:44:59,1.0102,-0.7564593771490362,0.25
COMBOUSDT,1729306799999,2024-10-19 02:59:59,0.4317,1729307699999,2024-10-19 03:14:59,0.4384,1.5520037062775167,0.25
COMPUSDT,1649867399999,2022-04-13 16:29:59,144.03,1649927699999,2022-04-14 09:14:59,152.44,5.839061306672218,16.75
COMPUSDT,1660151699999,2022-08-10 17:14:59,65.37,1660152599999,2022-08-10 17:29:59,63.76,-2.4629034725409307,0.25
COMPUSDT,1661475599999,2022-08-26 00:59:59,53.88,1661477399999,2022-08-26 01:29:59,52.5,-2.561247216035639,0.5
COMPUSDT,1663785899999,2022-09-21 18:44:59,59.23,1663794899999,2022-09-21 21:14:59,56.83,-4.052000675333443,2.5
COMPUSDT,1698884999999,2023-11-02 00:29:59,48.72,1698885899999,2023-11-02 00:44:59,48.07,-1.334154351395728,0.25
COMPUSDT,1701678599999,2023-12-04 08:29:59,52.86,1701683999999,2023-12-04 09:59:59,52.4,-0.8702232311766948,1.5
COMPUSDT,1702637099999,2023-12-15 10:44:59,53.96,1702654199999,2023-12-15 15:29:59,52.79,-2.168272794662716,4.75
COMPUSDT,1743492599999,2025-04-01 07:29:59,55.4,1743516899999,2025-04-01 14:14:59,45.56,-17.761732851985553,6.75
COMPUSDT,1748968199999,2025-06-03 16:29:59,45.02,1749045599999,2025-06-04 13:59:59,45.5,1.0661928031985715,21.5
CRVUSDT,1650653099999,2022-04-22 18:44:59,2.47,1650672899999,2022-04-23 00:14:59,2.467,-0.12145748987854711,5.5
CRVUSDT,1651653899999,2022-05-04 08:44:59,2.375,1651740299999,2022-05-05 08:44:59,2.589,9.010526315789473,24.0
CRVUSDT,1676303099999,2023-02-13 15:44:59,1.038,1676303999999,2023-02-13 15:59:59,1.019,-1.830443159922941,0.25
CRVUSDT,1678204799999,2023-03-07 15:59:59,0.982,1678205699999,2023-03-07 16:14:59,0.968,-1.4256619144602865,0.25
CRVUSDT,1745336699999,2025-04-22 15:44:59,0.663,1745392499999,2025-04-23 07:14:59,0.675,1.8099547511312233,15.5
DARUSDT,1689838199999,2023-07-20 07:29:59,0.1169,1689857999999,2023-07-20 12:59:59,0.1089,-6.843455945252358,5.5
DARUSDT,1700847899999,2023-11-24 17:44:59,0.1282,1700894699999,2023-11-25 06:44:59,0.1263,-1.4820592823713048,13.0
DARUSDT,1711216799999,2024-03-23 17:59:59,0.2365,1711221299999,2024-03-23 19:14:59,0.2357,-0.3382663847780107,1.25
DARUSDT,1712577599999,2024-04-08 11:59:59,0.2526,1712630699999,2024-04-09 02:44:59,0.2484,-1.6627078384798026,14.75
DARUSDT,1723979699999,2024-08-18 11:14:59,0.153,1724037299999,2024-08-19 03:14:59,0.1822,19.08496732026144,16.0
DARUSDT,1725722999999,2024-09-07 15:29:59,0.1624,1725807599999,2024-09-08 14:59:59,0.1805,11.14532019704434,23.5
DARUSDT,1728644399999,2024-10-11 10:59:59,0.1569,1728655199999,2024-10-11 13:59:59,0.15,-4.397705544933089,3.0
DASHUSDT,1674953099999,2023-01-29 00:44:59,54.52,1675032299999,2023-01-29 22:44:59,57.49,5.44754218635363,22.0
DASHUSDT,1745824499999,2025-04-28 07:14:59,22.94,1745852399999,2025-04-28 14:59:59,23.48,2.3539668700958987,7.75
DASHUSDT,1756603799999,2025-08-31 01:29:59,24.51,1756619099999,2025-08-31 05:44:59,24.08,-1.7543859649122937,4.25
DASHUSDT,1760058899999,2025-10-10 01:14:59,37.78,1760110199999,2025-10-10 15:29:59,42.86,13.446267866596079,14.25
DASHUSDT,1761465599999,2025-10-26 07:59:59,45.11,1761551999999,2025-10-27 07:59:59,50.34,11.593881622700074,24.0
DASHUSDT,1763177399999,2025-11-15 03:29:59,89.08,1763199899999,2025-11-15 09:44:59,80.9,-9.182757072294558,6.25
DASHUSDT,1764170999999,2025-11-26 15:29:59,63.63,1764214199999,2025-11-27 03:29:59,64.91,2.0116297344020024,12.0
DGBUSDT,1690049699999,2023-07-22 18:14:59,0.00818,1690068599999,2023-07-22 23:29:59,0.00815,-0.366748166259175,5.25
DOGEUSDT,1648997099999,2022-04-03 14:44:59,0.14835,1648998899999,2022-04-03 15:14:59,0.14662,-1.1661611054937708,0.5
DOGEUSDT,1650904199999,2022-04-25 16:29:59,0.14299,1650938399999,2022-04-26 01:59:59,0.15063,5.343030981187481,9.5
DOGEUSDT,1664903699999,2022-10-04 17:14:59,0.06424,1664957699999,2022-10-05 08:14:59,0.0644,0.24906600249064986,15.0
DOGEUSDT,1681382699999,2023-04-13 10:44:59,0.08776,1681416899999,2023-04-13 20:14:59,0.08666,-1.2534184138559752,9.5
DOGEUSDT,1689267599999,2023-07-13 16:59:59,0.06882,1689327899999,2023-07-14 09:44:59,0.06996,1.6564952048822845,16.75
DOGEUSDT,1700129699999,2023-11-16 10:14:59,0.07938,1700137799999,2023-11-16 12:29:59,0.07926,-0.15117157974301962,2.25
DOGEUSDT,1705792499999,2024-01-20 23:14:59,0.08835,1705820399999,2024-01-21 06:59:59,0.08548,-3.248443689869833,7.75
DOODUSDT,1748930399999,2025-06-03 05:59:59,0.0034196,1748975399999,2025-06-03 18:29:59,0.0034174,-0.06433500994268175,12.5
DOODUSDT,1761351299999,2025-10-25 00:14:59,0.006709,1761352199999,2025-10-25 00:29:59,0.006662,-0.7005514979877672,0.25
DOTUSDT,1689907499999,2023-07-21 02:44:59,5.548,1689922799999,2023-07-21 06:59:59,5.489,-1.0634462869502552,4.25
DYDXUSDT,1657826999999,2022-07-14 19:29:59,1.993,1657838699999,2022-07-14 22:44:59,1.976,-0.8529854490717574,3.25
DYDXUSDT,1667567699999,2022-11-04 13:14:59,1.756,1667618999999,2022-11-05 03:29:59,1.869,6.435079726651479,14.25
DYDXUSDT,1674253799999,2023-01-20 22:29:59,1.637,1674296999999,2023-01-21 10:29:59,1.651,0.8552229688454498,12.0
DYDXUSDT,1690822799999,2023-07-31 16:59:59,2.121,1690847999999,2023-07-31 23:59:59,2.121,0.0,7.0
DYDXUSDT,1693505699999,2023-08-31 18:14:59,2.242,1693508399999,2023-08-31 18:59:59,2.217,-1.1150758251561068,0.75
EIGENUSDT,1746735299999,2025-05-08 20:14:59,1.0055,1746804599999,2025-05-09 15:29:59,1.1639,15.753356539035293,19.25
EIGENUSDT,1757077199999,2025-09-05 12:59:59,1.3462,1757132099999,2025-09-06 04:14:59,1.3467,0.03714158371712561,15.25
EIGENUSDT,1758147299999,2025-09-17 22:14:59,1.8644,1758195899999,2025-09-18 11:44:59,1.8872,1.2229135378674068,13.5
ENAUSDT,1728665999999,2024-10-11 16:59:59,0.3435,1728726299999,2024-10-12 09:44:59,0.3342,-2.707423580786035,16.75
ENSUSDT,1665680399999,2022-10-13 16:59:59,18.693,1665739799999,2022-10-14 09:29:59,19.399,3.776814850478786,16.5
ENSUSDT,1667036699999,2022-10-29 09:44:59,18.682,1667037599999,2022-10-29 09:59:59,18.531,-0.8082646397601959,0.25
ENSUSDT,1707069599999,2024-02-04 17:59:59,18.428,1707071399999,2024-02-04 18:29:59,18.236,-1.041892771868896,0.5
ENSUSDT,1709612999999,2024-03-05 04:29:59,25.772,1709652599999,2024-03-05 15:29:59,26.885,4.318640384913873,11.0
ENSUSDT,1720516499999,2024-07-09 09:14:59,27.87,1720519199999,2024-07-09 09:59:59,27.212,-2.3609616074632265,0.75
ENSUSDT,1721706299999,2024-07-23 03:44:59,27.587,1721709899999,2024-07-23 04:44:59,26.957,-2.2836843440751045,1.0
ENSUSDT,1755872999999,2025-08-22 14:29:59,25.731,1755917099999,2025-08-23 02:44:59,26.804,4.170067234075616,12.25
EPICUSDT,1754481599999,2025-08-06 11:59:59,2.0831,1754513999999,2025-08-06 20:59:59,2.1302,2.261053237962648,9.0
EPICUSDT,1755313199999,2025-08-16 02:59:59,2.2659,1755321299999,2025-08-16 05:14:59,2.2004,-2.8906836135751655,2.25
ETCUSDT,1661356799999,2022-08-24 15:59:59,36.205,1661381999999,2022-08-24 22:59:59,35.167,-2.867007319431009,7.0
ETCUSDT,1674955799999,2023-01-29 01:29:59,22.603,1674958499999,2023-01-29 02:14:59,22.305,-1.318409060744157,0.75
ETCUSDT,1688093999999,2023-06-30 02:59:59,19.051,1688132699999,2023-06-30 13:44:59,19.489,2.2990919111857773,10.75
ETCUSDT,1690511399999,2023-07-28 02:29:59,18.585,1690512299999,2023-07-28 02:44:59,18.524,-0.3282216841538872,0.25
ETCUSDT,1747844099999,2025-05-21 16:14:59,18.956,1747848599999,2025-05-21 17:29:59,18.51,-2.35281705001054,1.25
ETCUSDT,1755880199999,2025-08-22 16:29:59,24.587,1755934199999,2025-08-23 07:29:59,24.09,-2.0213934192866145,15.0
ETHFIUSDT,1732207499999,2024-11-21 16:44:59,2.0256,1732236299999,2024-11-22 00:44:59,1.8406,-9.133096366508681,8.0
ETHFIUSDT,1748356199999,2025-05-27 14:29:59,1.4168,1748384999999,2025-05-27 22:29:59,1.3896,-1.9198193111236668,8.0
ETHFIUSDT,1759426199999,2025-10-02 17:29:59,1.6325,1759476599999,2025-10-03 07:29:59,1.727,5.788667687595714,14.0
ETHUSDT,1667569499999,2022-11-04 13:44:59,1609.07,1667618999999,2022-11-05 03:29:59,1643.41,2.134152025704298,13.75
ETHUSDT,1688130899999,2023-06-30 13:14:59,1904.52,1688132699999,2023-06-30 13:44:59,1862.6,-2.201079537101216,0.5
ETHUSDT,1689266699999,2023-07-13 16:44:59,1954.87,1689330599999,2023-07-14 10:29:59,1991.2,1.8584355992981711,17.75
ETHUSDT,1732193099999,2024-11-21 12:44:59,3319.18,1732267799999,2024-11-22 09:29:59,3362.52,1.3057441898300226,20.75
ETHUSDT,1751477399999,2025-07-02 17:29:59,2580.26,1751510699999,2025-07-03 02:44:59,2557.07,-0.8987466379357139,9.25
FETUSDT,1680103799999,2023-03-29 15:29:59,0.3828,1680104699999,2023-03-29 15:44:59,0.3809,-0.49634273772203696,0.25
FETUSDT,1697790599999,2023-10-20 08:29:59,0.2209,1697793299999,2023-10-20 09:14:59,0.2182,-1.222272521502946,0.75
FETUSDT,1702376999999,2023-12-12 10:29:59,0.5623,1702382399999,2023-12-12 11:59:59,0.5499,-2.2052285256980197,1.5
FHEUSDT,1753032599999,2025-07-20 17:29:59,0.08113,1753054199999,2025-07-20 23:29:59,0.0744,-8.295328485147294,6.0
FHEUSDT,1755899099999,2025-08-22 21:44:59,0.09124,1755908099999,2025-08-23 00:14:59,0.0897,-1.6878562034195526,2.5
FHEUSDT,1760747399999,2025-10-18 00:29:59,0.06215,1760750999999,2025-10-18 01:29:59,0.04072,-34.481094127111824,1.0
FILUSDT,1667443499999,2022-11-03 02:44:59,5.704,1667477699999,2022-11-03 12:14:59,5.825,2.121318373071537,9.5
FILUSDT,1689863399999,2023-07-20 14:29:59,4.56,1689867899999,2023-07-20 15:44:59,4.435,-2.741228070175439,1.25
FILUSDT,1762476299999,2025-11-07 00:44:59,2.097,1762583399999,2025-11-08 06:29:59,3.113,48.45016690510253,29.75
FISUSDT,1753394399999,2025-07-24 21:59:59,0.1215,1753416899999,2025-07-25 04:14:59,0.11939,-1.736625514403293,6.25
FISUSDT,1754127899999,2025-08-02 09:44:59,0.12883,1754128799999,2025-08-02 09:59:59,0.12931,0.37258402545991476,0.25
FISUSDT,1754435699999,2025-08-05 23:14:59,0.12776,1754441099999,2025-08-06 00:44:59,0.12664,-0.8766437069505398,1.5
FISUSDT,1755252899999,2025-08-15 10:14:59,0.12806,1755258299999,2025-08-15 11:44:59,0.12569,-1.8506949867249811,1.5
FTMUSDT,1667472299999,2022-11-03 10:44:59,0.2751,1667498399999,2022-11-03 17:59:59,0.256,-6.9429298436932045,7.25
FTMUSDT,1670940899999,2022-12-13 14:14:59,0.2517,1670945399999,2022-12-13 15:29:59,0.2467,-1.986491855383384,1.25
FTMUSDT,1674254699999,2023-01-20 22:44:59,0.3431,1674279899999,2023-01-21 05:44:59,0.3471,1.1658408627222394,7.0
FTMUSDT,1676384099999,2023-02-14 14:14:59,0.4812,1676384999999,2023-02-14 14:29:59,0.4755,-1.1845386533665914,0.25
FTMUSDT,1705419899999,2024-01-16 15:44:59,0.4172,1705459499999,2024-01-17 02:44:59,0.4124,-1.1505273250239756,11.0
FUSDT,1758459599999,2025-09-21 12:59:59,0.020165,1758461399999,2025-09-21 13:29:59,0.019341,-4.086288122985363,0.5
FUSDT,1759400999999,2025-10-02 10:29:59,0.013823,1759409999999,2025-10-02 12:59:59,0.01368,-1.0345077045503925,2.5
FUSDT,1761024599999,2025-10-21 05:29:59,0.017692,1761050699999,2025-10-21 12:44:59,0.012713,-28.142663350666965,7.25
GALAUSDT,1674856799999,2023-01-27 21:59:59,0.0537,1674857699999,2023-01-27 22:14:59,0.05336,-0.6331471135940411,0.25
GALAUSDT,1691281799999,2023-08-06 00:29:59,0.02514,1691306099999,2023-08-06 07:14:59,0.02458,-2.2275258552108115,6.75
GLMRUSDT,1702887299999,2023-12-18 08:14:59,0.3254,1702888199999,2023-12-18 08:29:59,0.3296,1.2907191149354582,0.25
GLMUSDT,1714824899999,2024-05-04 12:14:59,0.5524,1714928399999,2024-05-05 16:59:59,0.6204,12.309920347574213,28.75
GLMUSDT,1735691399999,2025-01-01 00:29:59,0.3915,1735705799999,2025-01-01 04:29:59,0.38504,-1.650063856960414,4.0
GLMUSDT,1740283199999,2025-02-23 03:59:59,0.34907,1740292199999,2025-02-23 06:29:59,0.33806,-3.15409516715844,2.5
GLMUSDT,1753577999999,2025-07-27 00:59:59,0.28437,1753578899999,2025-07-27 01:14:59,0.28381,-0.19692653936772686,0.25
GLMUSDT,1755518399999,2025-08-18 11:59:59,0.2609,1755519299999,2025-08-18 12:14:59,0.26329,0.9160597930241484,0.25
GLMUSDT,1764054899999,2025-11-25 07:14:59,0.22387,1764099899999,2025-11-25 19:44:59,0.2218,-0.9246437664716202,12.5
GRTUSDT,1688310899999,2023-07-02 15:14:59,0.11655,1688427899999,2023-07-03 23:44:59,0.13518,15.984555984555978,32.5
GRTUSDT,1702557899999,2023-12-14 12:44:59,0.17487,1702559699999,2023-12-14 13:14:59,0.17303,-1.0522102133013143,0.5
GRTUSDT,1729433699999,2024-10-20 14:14:59,0.1747,1729480499999,2024-10-21 03:14:59,0.17529,0.3377218088151157,13.0
HBARUSDT,1691982899999,2023-08-14 03:14:59,0.06413,1692043199999,2023-08-14 19:59:59,0.06451,0.5925463901450045,16.75
HBARUSDT,1734093899999,2024-12-13 12:44:59,0.31941,1734095699999,2024-12-13 13:14:59,0.31556,-1.2053473591935193,0.5
HIFIUSDT,1710998099999,2024-03-21 05:14:59,1.1063,1711011599999,2024-03-21 08:59:59,1.0115,-8.569104221278133,3.75
HIFIUSDT,1723968899999,2024-08-18 08:14:59,0.4739,1723989599999,2024-08-18 13:59:59,0.4591,-3.123021734543148,5.75
HIFIUSDT,1728640799999,2024-10-11 09:59:59,0.5351,1728692099999,2024-10-12 00:14:59,0.5077,-5.1205382171556675,14.25
HIFIUSDT,1736384399999,2025-01-09 00:59:59,0.6544,1736385299999,2025-01-09 01:14:59,0.616,-5.867970660146698,0.25
HIFIUSDT,1746606599999,2025-05-07 08:29:59,0.2491,1746607499999,2025-05-07 08:44:59,0.2558,2.689682858289859,0.25
HIFIUSDT,1757499299999,2025-09-10 10:14:59,0.09403,1757519999999,2025-09-10 15:59:59,0.07541,-19.802190790173345,5.75
HIFIUSDT,1759027499999,2025-09-28 02:44:59,0.11778,1759072499999,2025-09-28 15:14:59,0.13856,17.643063338427574,12.5
HMSTRUSDT,1742309099999,2025-03-18 14:44:59,0.002243,1742309999999,2025-03-18 14:59:59,0.002189,-2.4074899687918068,0.25
HUSDT,1758922199999,2025-09-26 21:29:59,0.06421,1758977999999,2025-09-27 12:59:59,0.06463,0.6541037221616628,15.5
HUSDT,1759652099999,2025-10-05 08:14:59,0.07647,1759662899999,2025-10-05 11:14:59,0.0695,-9.114685497580737,3.0
HUSDT,1760885999999,2025-10-19 14:59:59,0.15739,1760886899999,2025-10-19 15:14:59,0.13447,-14.562551623355994,0.25
HUSDT,1764171899999,2025-11-26 15:44:59,0.13779,1764191699999,2025-11-26 21:14:59,0.13559,-1.5966325567893225,5.5
ICNTUSDT,1757671199999,2025-09-12 09:59:59,0.2686,1757674799999,2025-09-12 10:59:59,0.2561,-4.653760238272528,1.0
ICNTUSDT,1761866099999,2025-10-30 23:14:59,0.2486,1761868799999,2025-10-30 23:59:59,0.2261,-9.050683829444889,0.75
ICNTUSDT,1764005399999,2025-11-24 17:29:59,0.2368,1764024299999,2025-11-24 22:44:59,0.2088,-11.824324324324323,5.25
ICPUSDT,1701420299999,2023-12-01 08:44:59,4.776,1701450899999,2023-12-01 17:14:59,4.74,-0.7537688442210969,8.5
IMXUSDT,1675066499999,2023-01-30 08:14:59,0.7168,1675067399999,2023-01-30 08:29:59,0.6988,-2.5111607142857166,0.25
IMXUSDT,1676395799999,2023-02-14 17:29:59,1.1113,1676419199999,2023-02-14 23:59:59,1.1339,2.033654278772605,6.5
IMXUSDT,1677552299999,2023-02-28 02:44:59,1.0211,1677554099999,2023-02-28 03:14:59,1.0195,-0.1566937616295979,0.5
IMXUSDT,1689944399999,2023-07-21 12:59:59,0.7554,1689956999999,2023-07-21 16:29:59,0.7567,0.1720942546995074,3.5
IMXUSDT,1690513199999,2023-07-28 02:59:59,0.7901,1690548299999,2023-07-28 12:44:59,0.7748,-1.9364637387672423,9.75
IMXUSDT,1700384399999,2023-11-19 08:59:59,1.2643,1700445599999,2023-11-20 01:59:59,1.3149,4.00221466424108,17.0
IMXUSDT,1726580699999,2024-09-17 13:44:59,1.4243,1726611299999,2024-09-17 22:14:59,1.4003,-1.685038264410574,8.5
IMXUSDT,1746110699999,2025-05-01 14:44:59,0.605,1746114299999,2025-05-01 15:44:59,0.5971,-1.3057851239669451,1.0
IMXUSDT,1759508999999,2025-10-03 16:29:59,0.781,1759548599999,2025-10-04 03:29:59,0.7736,-0.9475032010243372,11.0
INJUSDT,1664844299999,2022-10-04 00:44:59,1.759,1664845199999,2022-10-04 00:59:59,1.745,-0.7959067652074924,0.25
INJUSDT,1665935999999,2022-10-16 15:59:59,1.882,1665944999999,2022-10-16 18:29:59,1.884,0.10626992561105217,2.5
INJUSDT,1679645699999,2023-03-24 08:14:59,4.406,1679651999999,2023-03-24 09:59:59,4.34,-1.4979573309123886,1.75
INJUSDT,1685269799999,2023-05-28 10:29:59,6.782,1685375999999,2023-05-29 15:59:59,7.329,8.065467413742255,29.5
JELLYJELLYUSDT,1749833099999,2025-06-13 16:44:59,0.02951,1749863699999,2025-06-14 01:14:59,0.02967,0.5421890884445847,8.5
JELLYJELLYUSDT,1753697699999,2025-07-28 10:14:59,0.02599,1753720199999,2025-07-28 16:29:59,0.02304,-11.350519430550204,6.25
JUPUSDT,1731818699999,2024-11-17 04:44:59,1.3108,1731843899999,2024-11-17 11:44:59,1.2278,-6.332010985657612,7.0
KASUSDT,1709119799999,2024-02-28 11:29:59,0.18081,1709141399999,2024-02-28 17:29:59,0.17512,-3.146949836845308,6.0
KASUSDT,1727443799999,2024-09-27 13:29:59,0.1698,1727458199999,2024-09-27 17:29:59,0.16804,-1.0365135453474743,4.0
KAVAUSDT,1677674699999,2023-03-01 12:44:59,0.9033,1677693599999,2023-03-01 17:59:59,0.8943,-0.996346728661575,5.25
KAVAUSDT,1685969099999,2023-06-05 12:44:59,1.0556,1685980799999,2023-06-05 15:59:59,1.0256,-2.8419856006062925,3.25
KAVAUSDT,1688994899999,2023-07-10 13:14:59,0.9769,1689027299999,2023-07-10 22:14:59,0.972,-0.5015866516531903,9.0
KAVAUSDT,1728640799999,2024-10-11 09:59:59,0.3499,1728645299999,2024-10-11 11:14:59,0.3463,-1.0288653901114582,1.25
KEYUSDT,1696595399999,2023-10-06 12:29:59,0.005318,1696597199999,2023-10-06 12:59:59,0.005306,-0.22564874012786493,0.5
KEYUSDT,1708609499999,2024-02-22 13:44:59,0.007639,1708615799999,2024-02-22 15:29:59,0.007545,-1.2305275559628266,1.75
KEYUSDT,1712452499999,2024-04-07 01:14:59,0.00987,1712495699999,2024-04-07 13:14:59,0.010051,1.8338399189462906,12.0
KEYUSDT,1717661699999,2024-06-06 08:14:59,0.008112,1717664399999,2024-06-06 08:59:59,0.008115,0.036982248520725666,0.75
KLAYUSDT,1677598199999,2023-02-28 15:29:59,0.308,1677599099999,2023-02-28 15:44:59,0.3009,-2.3051948051948035,0.25
KLAYUSDT,1680701399999,2023-04-05 13:29:59,0.243,1680769799999,2023-04-06 08:29:59,0.2552,5.020576131687238,19.0
KLAYUSDT,1681397999999,2023-04-13 14:59:59,0.2569,1681460999999,2023-04-14 08:29:59,0.2565,-0.15570260801868877,17.5
KSMUSDT,1659788099999,2022-08-06 12:14:59,64.65,1659830399999,2022-08-06 23:59:59,66.37,2.660479505027067,11.75
KSMUSDT,1702748699999,2023-12-16 17:44:59,30.88,1702754099999,2023-12-16 19:14:59,30.54,-1.1010362694300513,1.5
KSMUSDT,1718198099999,2024-06-12 13:14:59,31.71,1718222399999,2024-06-12 19:59:59,29.68,-6.401766004415014,6.75
KSMUSDT,1734273899999,2024-12-15 14:44:59,40.373,1734274799999,2024-12-15 14:59:59,40.267,-0.26255170534761985,0.25
KSMUSDT,1756583099999,2025-08-30 19:44:59,15.628,1756583999999,2025-08-30 19:59:59,15.413,-1.3757358587151258,0.25
LDOUSDT,1689268499999,2023-07-13 17:14:59,2.1383,1689354899999,2023-07-14 17:14:59,2.3327,9.091334237478366,24.0
LDOUSDT,1701971099999,2023-12-07 17:44:59,2.524,1701977399999,2023-12-07 19:29:59,2.4764,-1.8858954041204472,1.75
LDOUSDT,1703163599999,2023-12-21 12:59:59,2.2308,1703171699999,2023-12-21 15:14:59,2.1783,-2.3534158149542663,2.25
LDOUSDT,1707326099999,2024-02-07 17:14:59,3.0324,1707346799999,2024-02-07 22:59:59,2.8931,-4.593721144967682,5.75
LDOUSDT,1709618399999,2024-03-05 05:59:59,3.4883,1709619299999,2024-03-05 06:14:59,3.4632,-0.7195482039962193,0.25
LDOUSDT,1730874599999,2024-11-06 06:29:59,1.1478,1730978999999,2024-11-07 11:29:59,1.3579,18.30458267990941,29.0
LDOUSDT,1734014699999,2024-12-12 14:44:59,2.2724,1734038999999,2024-12-12 21:29:59,2.2373,-1.544622425629306,6.75
LDOUSDT,1749053699999,2025-06-04 16:14:59,0.9139,1749068099999,2025-06-04 20:14:59,0.8843,-3.238866396761141,4.0
LEVERUSDT,1689277499999,2023-07-13 19:44:59,0.00138,1689320699999,2023-07-14 07:44:59,0.001382,0.1449275362318876,12.0
LEVERUSDT,1692677699999,2023-08-22 04:14:59,0.001336,1692682199999,2023-08-22 05:29:59,0.001287,-3.6676646706586826,1.25
LEVERUSDT,1693876499999,2023-09-05 01:14:59,0.00138,1693877399999,2023-09-05 01:29:59,0.001374,-0.43478260869564705,0.25
LEVERUSDT,1703085299999,2023-12-20 15:14:59,0.001466,1703135699999,2023-12-21 05:14:59,0.001535,4.706684856753058,14.0
LEVERUSDT,1712138399999,2024-04-03 09:59:59,0.0030047,1712139299999,2024-04-03 10:14:59,0.0028813,-4.106899191267018,0.25
LEVERUSDT,1714688099999,2024-05-02 22:14:59,0.0035644,1714696199999,2024-05-03 00:29:59,0.0034226,-3.978229154976997,2.25
LEVERUSDT,1725899399999,2024-09-09 16:29:59,0.002086,1725935399999,2024-09-10 02:29:59,0.0021414,2.655800575263649,10.0
LEVERUSDT,1731762899999,2024-11-16 13:14:59,0.00207,1731764699999,2024-11-16 13:44:59,0.0020546,-0.7439613526569864,0.5
LEVERUSDT,1756466999999,2025-08-29 11:29:59,0.0002842,1756531799999,2025-08-30 05:29:59,0.0002125,-25.228712174524993,18.0
LEVERUSDT,1756880099999,2025-09-03 06:14:59,0.0002442,1756881899999,2025-09-03 06:44:59,0.0002047,-16.175266175266188,0.5
LINAUSDT,1667468699999,2022-11-03 09:44:59,0.00929,1667479499999,2022-11-03 12:44:59,0.00869,-6.458557588805165,3.0
LINAUSDT,1680057899999,2023-03-29 02:44:59,0.01071,1680125399999,2023-03-29 21:29:59,0.01197,11.764705882352931,18.75
LINAUSDT,1681434899999,2023-04-14 01:14:59,0.01583,1681446599999,2023-04-14 04:29:59,0.01503,-5.0536955148452325,3.25
LINAUSDT,1687770899999,2023-06-26 09:14:59,0.01571,1687806899999,2023-06-26 19:14:59,0.01534,-2.355187778485034,10.0
LINAUSDT,1689998399999,2023-07-22 03:59:59,0.01392,1690010099999,2023-07-22 07:14:59,0.01368,-1.7241379310344873,3.25
LINAUSDT,1730223899999,2024-10-29 17:44:59,0.00496,1730264399999,2024-10-30 04:59:59,0.00439,-11.491935483870972,11.25
LINAUSDT,1731771899999,2024-11-16 15:44:59,0.00471,1731807899999,2024-11-17 01:44:59,0.00478,1.486199575371563,10.0
LINKUSDT,1710109799999,2024-03-10 22:29:59,20.466,1710164699999,2024-03-11 13:44:59,21.27,3.928466725300491,15.25
LINKUSDT,1733978699999,2024-12-12 04:44:59,27.694,1733997599999,2024-12-12 09:59:59,28.018,1.1699285043691834,5.25
LITUSDT,1655063099999,2022-06-12 19:44:59,0.99,1655063999999,2022-06-12 19:59:59,0.986,-0.40404040404040437,0.25
LITUSDT,1655557199999,2022-06-18 12:59:59,0.95,1655558099999,2022-06-18 13:14:59,0.922,-2.9473684210526225,0.25
LITUSDT,1665858599999,2022-10-15 18:29:59,0.759,1665896399999,2022-10-16 04:59:59,0.804,5.928853754940717,10.5
LITUSDT,1666574099999,2022-10-24 01:14:59,0.749,1666577699999,2022-10-24 02:14:59,0.729,-2.6702269692923926,1.0
LITUSDT,1675763999999,2023-02-07 09:59:59,1.092,1675768499999,2023-02-07 11:14:59,1.064,-2.564102564102566,1.25
LITUSDT,1676166299999,2023-02-12 01:44:59,1.239,1676168099999,2023-02-12 02:14:59,1.218,-1.6949152542372985,0.5
LITUSDT,1691933399999,2023-08-13 13:29:59,0.696,1691994599999,2023-08-14 06:29:59,0.764,9.770114942528744,17.0
LITUSDT,1708607699999,2024-02-22 13:14:59,1.234,1708609499999,2024-02-22 13:44:59,1.193,-3.3225283630469957,0.5
LOOMUSDT,1709137799999,2024-02-28 16:29:59,0.10469,1709141399999,2024-02-28 17:29:59,0.10198,-2.588594899226291,1.0
LOOMUSDT,1722451499999,2024-07-31 18:44:59,0.06454,1722461399999,2024-07-31 21:29:59,0.06136,-4.927176944530527,2.75
LOOMUSDT,1728190799999,2024-10-06 04:59:59,0.0554,1728241199999,2024-10-06 18:59:59,0.05718,3.2129963898917033,14.0
LTCUSDT,1667379599999,2022-11-02 08:59:59,61.34,1667420099999,2022-11-02 20:14:59,58.68,-4.336485164656021,11.25
LTCUSDT,1674953099999,2023-01-29 00:44:59,93.76,1675033199999,2023-01-29 22:59:59,96.04,2.431740614334472,22.25
LTCUSDT,1688095799999,2023-06-30 03:29:59,94.53,1688132699999,2023-06-30 13:44:59,95.36,0.8780281392150622,10.25
LTCUSDT,1690672499999,2023-07-29 23:14:59,93.76,1690723799999,2023-07-30 13:29:59,94.28,0.5546075085324189,14.25
LTCUSDT,1722255299999,2024-07-29 12:14:59,75.88,1722268799999,2024-07-29 15:59:59,74.54,-1.7659462308908664,3.75
LTCUSDT,1746575999999,2025-05-06 23:59:59,91.58,1746613799999,2025-05-07 10:29:59,91.64,0.06551648831622874,10.5
LUNA2USDT,1677233699999,2023-02-24 10:14:59,1.8669,1677234599999,2023-02-24 10:29:59,1.8694,0.1339118324495124,0.25
LUNA2USDT,1702210499999,2023-12-10 12:14:59,1.0963,1702211399999,2023-12-10 12:29:59,1.0731,-2.1162090668612703,0.25
LUNA2USDT,1711026899999,2024-03-21 13:14:59,0.9349,1711027799999,2024-03-21 13:29:59,0.9333,-0.17114129853459564,0.25
LUNA2USDT,1717084799999,2024-05-30 15:59:59,0.78,1717109999999,2024-05-30 22:59:59,0.6646,-14.794871794871803,7.0
LUNA2USDT,1735289999999,2024-12-27 08:59:59,0.4623,1735292699999,2024-12-27 09:44:59,0.4597,-0.5624053644819362,0.75
LUNA2USDT,1746165599999,2025-05-02 05:59:59,0.191,1746169199999,2025-05-02 06:59:59,0.1884,-1.3612565445026132,1.0
MDTUSDT,1694784599999,2023-09-15 13:29:59,0.04704,1694789099999,2023-09-15 14:44:59,0.04591,-2.4022108843537398,1.25
MDTUSDT,1699116299999,2023-11-04 16:44:59,0.04957,1699125299999,2023-11-04 19:14:59,0.04897,-1.2104095218882454,2.5
MDTUSDT,1702070999999,2023-12-08 21:29:59,0.06197,1702111499999,2023-12-09 08:44:59,0.062,0.04841052121994876,11.25
MDTUSDT,1703654999999,2023-12-27 05:29:59,0.06217,1703657699999,2023-12-27 06:14:59,0.06044,-2.7826926170178576,0.75
MDTUSDT,1709773199999,2024-03-07 00:59:59,0.10709,1709780399999,2024-03-07 02:59:59,0.10337,-3.4737136987580546,2.0
MEMEFIUSDT,1753486199999,2025-07-25 23:29:59,0.00154,1753501499999,2025-07-26 03:44:59,0.001456,-5.454545454545447,4.25
MERLUSDT,1759519799999,2025-10-03 19:29:59,0.35526,1759544999999,2025-10-04 02:29:59,0.33434,-5.888644936103134,7.0
MERLUSDT,1760134499999,2025-10-10 22:14:59,0.37115,1760135399999,2025-10-10 22:29:59,0.35839,-3.4379630877003895,0.25
MERLUSDT,1764182699999,2025-11-26 18:44:59,0.44375,1764189899999,2025-11-26 20:44:59,0.43281,-2.4653521126760576,2.0
MKRUSDT,1644488999999,2022-02-10 10:29:59,2318.8,1644499799999,2022-02-10 13:29:59,2289.0,-1.2851474900810842,3.0
MKRUSDT,1644969599999,2022-02-15 23:59:59,2102.2,1644976799999,2022-02-16 01:59:59,2085.3,-0.8039197031680924,2.0
MKRUSDT,1676302199999,2023-02-13 15:29:59,750.7,1676303099999,2023-02-13 15:44:59,748.7,-0.26641800985746633,0.25
MKRUSDT,1688115599999,2023-06-30 08:59:59,740.6,1688181299999,2023-07-01 03:14:59,810.5,9.438293275722383,18.25
MKRUSDT,1689496199999,2023-07-16 08:29:59,953.6,1689497099999,2023-07-16 08:44:59,950.3,-0.3460570469798729,0.25
MKRUSDT,1693471499999,2023-08-31 08:44:59,1090.2,1693547099999,2023-09-01 05:44:59,1158.0,6.2190423775454,21.0
MKRUSDT,1709965799999,2024-03-09 06:29:59,2320.6,1710036899999,2024-03-10 02:14:59,2421.4,4.343704214427311,19.75
MKRUSDT,1714764599999,2024-05-03 19:29:59,2952.2,1714788899999,2024-05-04 02:14:59,2905.9,-1.5683219294085675,6.75
MKRUSDT,1748879099999,2025-06-02 15:44:59,1693.2,1748891699999,2025-06-02 19:14:59,1679.1,-0.8327427356484843,3.5
MKRUSDT,1752830999999,2025-07-18 09:29:59,2113.0,1752848999999,2025-07-18 14:29:59,2015.6,-4.60955986748699,5.0
MLNUSDT,1756315799999,2025-08-27 17:29:59,8.903,1756316699999,2025-08-27 17:44:59,8.896,-0.07862518252274146,0.25
MLNUSDT,1760090399999,2025-10-10 09:59:59,8.239,1760091299999,2025-10-10 10:14:59,8.005,-2.840150503701905,0.25
MLNUSDT,1760825699999,2025-10-18 22:14:59,8.566,1760933699999,2025-10-20 04:14:59,13.062,52.486574830726106,30.0
MOODENGUSDT,1746692099999,2025-05-08 08:14:59,0.04543,1746835199999,2025-05-09 23:59:59,0.13148,189.41228263262167,39.75
MOODENGUSDT,1751486399999,2025-07-02 19:59:59,0.16932,1751517899999,2025-07-03 04:44:59,0.16741,-1.128041578077011,8.75
MOVEUSDT,1742923799999,2025-03-25 17:29:59,0.571,1742979599999,2025-03-26 08:59:59,0.541,-5.253940455341492,15.5
MOVEUSDT,1758041099999,2025-09-16 16:44:59,0.1349,1758042899999,2025-09-16 17:14:59,0.1341,-0.5930318754633026,0.5
MUSDT,1752242399999,2025-07-11 13:59:59,0.7061,1752288299999,2025-07-12 02:44:59,0.78,10.465939668602193,12.75
MYXUSDT,1758082499999,2025-09-17 04:14:59,14.548,1758140999999,2025-09-17 20:29:59,16.301,12.049766290899083,16.25
MYXUSDT,1758946499999,2025-09-27 04:14:59,11.387,1759031999999,2025-09-28 03:59:59,14.073,23.588302450162466,23.75
NEARUSDT,1715781599999,2024-05-15 13:59:59,7.527,1715858099999,2024-05-16 11:14:59,8.078,7.320313537930108,21.25
NEARUSDT,1760098499999,2025-10-10 12:14:59,3.134,1760109299999,2025-10-10 15:14:59,3.118,-0.510529674537333,3.0
NEIROETHUSDT,1748914199999,2025-06-03 01:29:59,0.0981,1748955599999,2025-06-03 12:59:59,0.09178,-6.44240570846076,11.5
NEIROETHUSDT,1754325899999,2025-08-04 16:44:59,0.13414,1754367299999,2025-08-05 04:14:59,0.14512,8.185477858953325,11.5
NEIROETHUSDT,1755929699999,2025-08-23 06:14:59,0.11824,1755930599999,2025-08-23 06:29:59,0.11716,-0.9133964817320683,0.25
NEIROUSDT,1751471099999,2025-07-02 15:44:59,0.0004134,1751538599999,2025-07-03 10:29:59,0.0004757,15.07014997581035,18.75
NEIROUSDT,1752092099999,2025-07-09 20:14:59,0.000462,1752133499999,2025-07-10 07:44:59,0.0004608,-0.25974025974026604,11.5
NILUSDT,1759360499999,2025-10-01 23:14:59,0.3018,1759434299999,2025-10-02 19:44:59,0.3356,11.199469847581177,20.5
OCEANUSDT,1666718999999,2022-10-25 17:29:59,0.16316,1666736099999,2022-10-25 22:14:59,0.16435,0.7293454278009296,4.75
OCEANUSDT,1667478599999,2022-11-03 12:29:59,0.18725,1667484899999,2022-11-03 14:14:59,0.18646,-0.4218958611482045,1.75
OCEANUSDT,1676388599999,2023-02-14 15:29:59,0.4646,1676389499999,2023-02-14 15:44:59,0.4673,0.5811450710288377,0.25
OCEANUSDT,1688719499999,2023-07-07 08:44:59,0.3538,1688732999999,2023-07-07 12:29:59,0.3456,-2.317693612210284,3.75
OCEANUSDT,1692020699999,2023-08-14 13:44:59,0.3502,1692036899999,2023-08-14 18:14:59,0.3511,0.2569960022844123,4.5
OCEANUSDT,1701346499999,2023-11-30 12:14:59,0.4544,1701418499999,2023-12-01 08:14:59,0.4737,4.2473591549295735,20.0
OMGUSDT,1658998799999,2022-07-28 08:59:59,2.148,1659054599999,2022-07-29 00:29:59,2.244,4.469273743016763,15.5
OMGUSDT,1659701699999,2022-08-05 12:14:59,2.313,1659705299999,2022-08-05 13:14:59,2.289,-1.0376134889753574,1.0
OMGUSDT,1677491099999,2023-02-27 09:44:59,1.834,1677500099999,2023-02-27 12:14:59,1.819,-0.817884405670672,2.5
OMGUSDT,1699974899999,2023-11-14 15:14:59,0.7626,1699982099999,2023-11-14 17:14:59,0.7139,-6.386047731445052,2.0
OMGUSDT,1728130499999,2024-10-05 12:14:59,0.2811,1728196199999,2024-10-06 06:29:59,0.2901,3.2017075773746027,18.25
OMGUSDT,1729150199999,2024-10-17 07:29:59,0.275,1729151099999,2024-10-17 07:44:59,0.2778,1.018181818181807,0.25
OMGUSDT,1731700799999,2024-11-15 19:59:59,0.3016,1731701699999,2024-11-15 20:14:59,0.2901,-3.812997347480091,0.25
OMNIUSDT,1737299699999,2025-01-19 15:14:59,9.799,1737300599999,2025-01-19 15:29:59,9.691,-1.102153280947023,0.25
OMNIUSDT,1753600499999,2025-07-27 07:14:59,3.054,1753630199999,2025-07-27 15:29:59,2.875,-5.86116568434839,8.25
OMNIUSDT,1754499599999,2025-08-06 16:59:59,4.309,1754500499999,2025-08-06 17:14:59,4.191,-2.7384543977721125,0.25
OMNIUSDT,1757069099999,2025-09-05 10:44:59,3.23,1757071799999,2025-09-05 11:29:59,3.21,-0.6191950464396291,0.75
OMNIUSDT,1757998799999,2025-09-16 04:59:59,3.65,1757999699999,2025-09-16 05:14:59,3.644,-0.1643835616438297,0.25
OMUSDT,1713761999999,2024-04-22 04:59:59,0.7677,1713769199999,2024-04-22 06:59:59,0.7446,-3.0089878858929278,2.0
OMUSDT,1714761899999,2024-05-03 18:44:59,0.74325,1714766399999,2024-05-03 19:59:59,0.73536,-1.0615539858728493,1.25
OMUSDT,1737838799999,2025-01-25 20:59:59,3.80668,1737890099999,2025-01-26 11:14:59,4.47912,17.66473672596593,14.25
OMUSDT,1754213399999,2025-08-03 09:29:59,0.27154,1754216099999,2025-08-03 10:14:59,0.25708,-5.325182293584749,0.75
OPUSDT,1670939999999,2022-12-13 13:59:59,1.1303,1671038999999,2022-12-14 17:29:59,1.1756,4.007785543660965,27.5
OPUSDT,1690691399999,2023-07-30 04:29:59,1.5589,1690734599999,2023-07-30 16:29:59,1.5777,1.2059785746359708,12.0
OPUSDT,1704839399999,2024-01-09 22:29:59,3.6142,1704854699999,2024-01-10 02:44:59,3.534,-2.219024957113609,4.25
OPUSDT,1753677899999,2025-07-28 04:44:59,0.8013,1753712099999,2025-07-28 14:14:59,0.7953,-0.7487832272557101,9.5
ORDIUSDT,1710258299999,2024-03-12 15:44:59,80.674,1710260099999,2024-03-12 16:14:59,80.227,-0.5540818603267504,0.5
ORDIUSDT,1711810799999,2024-03-30 14:59:59,67.786,1711811699999,2024-03-30 15:14:59,66.8,-1.4545776414008855,0.25
ORDIUSDT,1728219599999,2024-10-06 12:59:59,35.951,1728293399999,2024-10-07 09:29:59,37.182,3.4241050318489097,20.5
PARTIUSDT,1754343899999,2025-08-04 21:44:59,0.2113,1754377199999,2025-08-05 06:59:59,0.1976,-6.4836725035494505,9.25
PARTIUSDT,1756190699999,2025-08-26 06:44:59,0.1775,1756191599999,2025-08-26 06:59:59,0.1832,3.2112676056338088,0.25
PARTIUSDT,1756994399999,2025-09-04 13:59:59,0.1919,1756995299999,2025-09-04 14:14:59,0.1892,-1.4069828035435021,0.25
PARTIUSDT,1764514799999,2025-11-30 14:59:59,0.11574,1764517499999,2025-11-30 15:44:59,0.10811,-6.5923621911180215,0.75
PAXGUSDT,1750601699999,2025-06-22 14:14:59,3433.1,1750626899999,2025-06-22 21:14:59,3430.52,-0.07515073839969495,7.0
PAXGUSDT,1755874799999,2025-08-22 14:59:59,3358.92,1755922499999,2025-08-23 04:14:59,3359.05,0.003870291641364163,13.25
PENDLEUSDT,1700186399999,2023-11-17 01:59:59,1.1468,1700188199999,2023-11-17 02:29:59,1.1278,-1.6567840948727004,0.5
PENDLEUSDT,1700825399999,2023-11-24 11:29:59,1.1486,1700827199999,2023-11-24 11:59:59,1.1398,-0.7661500957687742,0.5
PENDLEUSDT,1703691899999,2023-12-27 15:44:59,1.251,1703716199999,2023-12-27 22:29:59,1.2568,0.46362909672262415,6.75
PENDLEUSDT,1704874499999,2024-01-10 08:14:59,1.4344,1704891599999,2024-01-10 12:59:59,1.4176,-1.1712214166201846,4.75
PENDLEUSDT,1706554799999,2024-01-29 18:59:59,2.5683,1706642099999,2024-01-30 19:14:59,2.7254,6.116886656543249,24.25
PENDLEUSDT,1713788999999,2024-04-22 12:29:59,6.3772,1713846599999,2024-04-23 04:29:59,6.5785,3.156557736937838,16.0
PENGUUSDT,1752128099999,2025-07-10 06:14:59,0.017642,1752176699999,2025-07-10 19:44:59,0.018638,5.645618410611024,13.5
PENGUUSDT,1757326499999,2025-09-08 10:14:59,0.032858,1757381399999,2025-09-09 01:29:59,0.03309,0.7060685373425134,15.25
PEOPLEUSDT,1658160899999,2022-07-18 16:14:59,0.02753,1658171699999,2022-07-18 19:14:59,0.02525,-8.2818743189248,3.0
PEOPLEUSDT,1668157199999,2022-11-11 08:59:59,0.02751,1668181499999,2022-11-11 15:44:59,0.02868,4.252998909487463,6.75
PEOPLEUSDT,1680930899999,2023-04-08 05:14:59,0.02645,1680941699999,2023-04-08 08:14:59,0.02609,-1.3610586011342256,3.0
PEOPLEUSDT,1700481599999,2023-11-20 11:59:59,0.01327,1700483399999,2023-11-20 12:29:59,0.01299,-2.1100226073850847,0.5
PEOPLEUSDT,1704286799999,2024-01-03 12:59:59,0.01638,1704308399999,2024-01-03 18:59:59,0.0218,33.0891330891331,6.0
PEOPLEUSDT,1706804999999,2024-02-01 16:29:59,0.0285,1706809499999,2024-02-01 17:44:59,0.02828,-0.7719298245614086,1.25
PEOPLEUSDT,1708999199999,2024-02-27 01:59:59,0.03279,1709042399999,2024-02-27 13:59:59,0.03238,-1.2503812137846924,12.0
PEOPLEUSDT,1712467799999,2024-04-07 05:29:59,0.0372,1712483099999,2024-04-07 09:44:59,0.03654,-1.7741935483870805,4.25
PEOPLEUSDT,1729873799999,2024-10-25 16:29:59,0.08419,1729898099999,2024-10-25 23:14:59,0.08367,-0.6176505523221364,6.75
PEOPLEUSDT,1762535699999,2025-11-07 17:14:59,0.01426,1762585199999,2025-11-08 06:59:59,0.01335,-6.381486676016826,13.75
PIPPINUSDT,1746702899999,2025-05-08 11:14:59,0.01942,1746708299999,2025-05-08 12:44:59,0.01912,-1.5447991761070967,1.5
PIPPINUSDT,1758512699999,2025-09-22 03:44:59,0.02141,1758517199999,2025-09-22 04:59:59,0.02057,-3.9234002802428636,1.25
PIPPINUSDT,1761234299999,2025-10-23 15:44:59,0.01938,1761302699999,2025-10-24 10:44:59,0.02147,10.784313725490186,19.0
PIPPINUSDT,1761850799999,2025-10-30 18:59:59,0.02218,1761869699999,2025-10-31 00:14:59,0.02417,8.972046889089281,5.25
PIPPINUSDT,1763846099999,2025-11-22 21:14:59,0.02808,1763846999999,2025-11-22 21:29:59,0.02705,-3.668091168091167,0.25
PLUMEUSDT,1755511199999,2025-08-18 09:59:59,0.1048,1755514799999,2025-08-18 10:59:59,0.10204,-2.6335877862595405,1.0
PLUMEUSDT,1756060199999,2025-08-24 18:29:59,0.09757,1756074599999,2025-08-24 22:29:59,0.0937,-3.9663831095623636,4.0
PNUTUSDT,1746723599999,2025-05-08 16:59:59,0.20754,1746857699999,2025-05-10 06:14:59,0.35194,69.5769490218753,37.25
PNUTUSDT,1750424399999,2025-06-20 12:59:59,0.25108,1750427999999,2025-06-20 13:59:59,0.24271,-3.33359885295524,1.0
POLYXUSDT,1710934199999,2024-03-20 11:29:59,0.24974,1711037699999,2024-03-21 16:14:59,0.3799,52.11820293104831,28.75
POLYXUSDT,1712555999999,2024-04-08 05:59:59,0.57209,1712570399999,2024-04-08 09:59:59,0.56835,-0.6537432921393427,4.0
POLYXUSDT,1716517799999,2024-05-24 02:29:59,0.45987,1716518699999,2024-05-24 02:44:59,0.45518,-1.0198534368408523,0.25
POLYXUSDT,1717498799999,2024-06-04 10:59:59,0.44601,1717555499999,2024-06-05 02:44:59,0.45076,1.064998542633568,15.75
POLYXUSDT,1731724199999,2024-11-16 02:29:59,0.28726,1731725099999,2024-11-16 02:44:59,0.2831,-1.4481654250504759,0.25
POLYXUSDT,1747846799999,2025-05-21 16:59:59,0.17137,1747847699999,2025-05-21 17:14:59,0.17118,-0.11087121433156079,0.25
POLYXUSDT,1753662599999,2025-07-28 00:29:59,0.16723,1753694099999,2025-07-28 09:14:59,0.16461,-1.5667045386593217,8.75
PORT3USDT,1761935399999,2025-10-31 18:29:59,0.04995,1761972299999,2025-11-01 04:44:59,0.04756,-4.784784784784791,10.25
PUMPUSDT,1759081499999,2025-09-28 17:44:59,0.005791,1759087799999,2025-09-28 19:29:59,0.005668,-2.123985494733204,1.75
PYTHUSDT,1709000999999,2024-02-27 02:29:59,0.5941,1709044199999,2024-02-27 14:29:59,0.6951,17.00050496549404,12.0
PYTHUSDT,1756390499999,2025-08-28 14:14:59,0.18199,1756479599999,2025-08-29 14:59:59,0.2174,19.45711302818836,24.75
QNTUSDT,1686936599999,2023-06-16 17:29:59,111.08,1687000499999,2023-06-17 11:14:59,113.49,2.169607490097224,17.75
QNTUSDT,1725780599999,2024-09-08 07:29:59,68.77,1725810299999,2024-09-08 15:44:59,66.39,-3.4608114003199004,8.25
QNTUSDT,1748297699999,2025-05-26 22:14:59,103.74,1748388599999,2025-05-27 23:29:59,110.78,6.786196259880477,25.25
REEFUSDT,1664045099999,2022-09-24 18:44:59,0.005387,1664105399999,2022-09-25 11:29:59,0.005447,1.1137924633376515,16.75
REEFUSDT,1665065699999,2022-10-06 14:14:59,0.005343,1665130499999,2022-10-07 08:14:59,0.005266,-1.4411379374882989,18.0
REEFUSDT,1667861999999,2022-11-07 22:59:59,0.005584,1667880899999,2022-11-08 04:14:59,0.00562,0.6446991404011384,5.25
REEFUSDT,1690158599999,2023-07-24 00:29:59,0.001835,1690165799999,2023-07-24 02:29:59,0.001723,-6.103542234332431,2.0
RENUSDT,1647854099999,2022-03-21 09:14:59,0.3723,1647859499999,2022-03-21 10:44:59,0.3679,-1.181842600053724,1.5
RENUSDT,1650344399999,2022-04-19 04:59:59,0.3663,1650419999999,2022-04-20 01:59:59,0.3764,2.7573027573027566,21.0
RENUSDT,1677602699999,2023-02-28 16:44:59,0.1069,1677725099999,2023-03-02 02:44:59,0.12801,19.747427502338653,34.0
RENUSDT,1678797899999,2023-03-14 12:44:59,0.10286,1678823099999,2023-03-14 19:44:59,0.10298,0.11666342601595275,7.0
RENUSDT,1681122599999,2023-04-10 10:29:59,0.10479,1681123499999,2023-04-10 10:44:59,0.10508,0.27674396411872554,0.25
RENUSDT,1700844299999,2023-11-24 16:44:59,0.05998,1700845199999,2023-11-24 16:59:59,0.05907,-1.5171723907969341,0.25
RENUSDT,1704277799999,2024-01-03 10:29:59,0.07764,1704284099999,2024-01-03 12:14:59,0.06382,-17.80010303967027,1.75
RENUSDT,1732886999999,2024-11-29 13:29:59,0.06325,1732896899999,2024-11-29 16:14:59,0.0546,-13.675889328063237,2.75
SAHARAUSDT,1754108999999,2025-08-02 04:29:59,0.08785,1754111699999,2025-08-02 05:14:59,0.08628,-1.7871371656232236,0.75
SANDUSDT,1674996299999,2023-01-29 12:44:59,0.7872,1675041299999,2023-01-30 01:14:59,0.7843,-0.36839430894309116,12.5
SANDUSDT,1675805399999,2023-02-07 21:29:59,0.8325,1675852199999,2023-02-08 10:29:59,0.8751,5.117117117117114,13.0
SANDUSDT,1681324199999,2023-04-12 18:29:59,0.6621,1681325099999,2023-04-12 18:44:59,0.6586,-0.5286210542214256,0.25
SANDUSDT,1700885699999,2023-11-25 04:14:59,0.423,1700939699999,2023-11-25 19:14:59,0.4293,1.4893617021276662,15.0
SANDUSDT,1729294199999,2024-10-18 23:29:59,0.2799,1729329299999,2024-10-19 09:14:59,0.2859,2.1436227224008597,9.75
SANDUSDT,1733186699999,2024-12-03 00:44:59,0.85,1733231699999,2024-12-03 13:14:59,0.77273,-9.090588235294112,12.5
SANDUSDT,1747846799999,2025-05-21 16:59:59,0.32099,1747848599999,2025-05-21 17:29:59,0.30864,-3.847471883859302,0.5
SANTOSUSDT,1746189899999,2025-05-02 12:44:59,2.481,1746198899999,2025-05-02 15:14:59,2.424,-2.2974607013301065,2.5
SANTOSUSDT,1753617599999,2025-07-27 11:59:59,2.37,1753665299999,2025-07-28 01:14:59,2.513,6.033755274261594,13.25
SANTOSUSDT,1754407799999,2025-08-05 15:29:59,2.273,1754409599999,2025-08-05 15:59:59,2.21,-2.7716673999120176,0.5
SANTOSUSDT,1754587799999,2025-08-07 17:29:59,2.288,1754729099999,2025-08-09 08:44:59,2.691,17.613636363636367,39.25
SAPIENUSDT,1762406099999,2025-11-06 05:14:59,0.28792,1762459199999,2025-11-06 19:59:59,0.33489,16.313559322033903,14.75
SEIUSDT,1702925999999,2023-12-18 18:59:59,0.273,1703032199999,2023-12-20 00:29:59,0.3512,28.64468864468864,29.5
SEIUSDT,1708967699999,2024-02-26 17:14:59,0.8789,1708973099999,2024-02-26 18:44:59,0.8696,-1.058140857890542,1.5
SEIUSDT,1726706699999,2024-09-19 00:44:59,0.3256,1726735499999,2024-09-19 08:44:59,0.3275,0.5835380835380874,8.0
SEIUSDT,1731733199999,2024-11-16 04:59:59,0.5055,1731797999999,2024-11-16 22:59:59,0.5287,4.589515331355094,18.0
SKATEUSDT,1758881699999,2025-09-26 10:14:59,0.0572,1758927599999,2025-09-26 22:59:59,0.05771,0.8916083916083857,12.75
SKATEUSDT,1759651199999,2025-10-05 07:59:59,0.05444,1759693499999,2025-10-05 19:44:59,0.05311,-2.443056576047033,11.75
SKATEUSDT,1760379299999,2025-10-13 18:14:59,0.04307,1760380199999,2025-10-13 18:29:59,0.04056,-5.827722312514508,0.25
SKATEUSDT,1760616899999,2025-10-16 12:14:59,0.04993,1760619599999,2025-10-16 12:59:59,0.04661,-6.64930903264571,0.75
SLERFUSDT,1746694799999,2025-05-08 08:59:59,0.0716,1746845999999,2025-05-10 02:59:59,0.0884,23.463687150838002,42.0
SLERFUSDT,1754494199999,2025-08-06 15:29:59,0.07327,1754516699999,2025-08-06 21:44:59,0.07211,-1.5831854783676924,6.25
SLERFUSDT,1760764499999,2025-10-18 05:14:59,0.278,1760785199999,2025-10-18 10:59:59,0.08221,-70.42805755395683,5.75
SNXUSDT,1658967299999,2022-07-28 00:14:59,3.703,1658994299999,2022-07-28 07:44:59,3.718,0.4050769646232818,7.5
SNXUSDT,1659460499999,2022-08-02 17:14:59,4.021,1659461399999,2022-08-02 17:29:59,4.016,-0.1243471773190722,0.25
SNXUSDT,1661506199999,2022-08-26 09:29:59,3.189,1661511599999,2022-08-26 10:59:59,3.162,-0.8466603951081887,1.5
SNXUSDT,1675286099999,2023-02-01 21:14:59,2.61,1675321199999,2023-02-02 06:59:59,2.632,0.8429118773946453,9.75
SNXUSDT,1678665599999,2023-03-12 23:59:59,2.783,1678700699999,2023-03-13 09:44:59,2.747,-1.2935680919870656,9.75
SNXUSDT,1756250099999,2025-08-26 23:14:59,0.747,1756250999999,2025-08-26 23:29:59,0.748,0.1338688085676039,0.25
SNXUSDT,1760057999999,2025-10-10 00:59:59,1.279,1760074199999,2025-10-10 05:29:59,1.256,-1.7982799061766936,4.5
SNXUSDT,1760292899999,2025-10-12 18:14:59,1.505,1760390999999,2025-10-13 21:29:59,2.284,51.76079734219269,27.25
SOLUSDT,1667573099999,2022-11-04 14:44:59,33.86,1667574899999,2022-11-04 15:14:59,33.57,-0.8564678086237423,0.5
SOLUSDT,1675013399999,2023-01-29 17:29:59,26.218,1675043999999,2023-01-30 01:59:59,25.708,-1.9452284689907757,8.5
SOLUSDT,1681190099999,2023-04-11 05:14:59,22.224,1681265699999,2023-04-12 02:14:59,22.654,1.934845212383008,21.0
SOONUSDT,1755771299999,2025-08-21 10:14:59,0.31486,1755773999999,2025-08-21 10:59:59,0.28189,-10.471320586927524,0.75
SOONUSDT,1762379099999,2025-11-05 21:44:59,2.6206,1762419599999,2025-11-06 08:59:59,1.3847,-47.16095550637259,11.25
SPELLUSDT,1676293199999,2023-02-13 12:59:59,0.0008106,1676294099999,2023-02-13 13:14:59,0.0008023,-1.023932889217855,0.25
SPELLUSDT,1694507399999,2023-09-12 08:29:59,0.0004621,1694558699999,2023-09-12 22:44:59,0.0004673,1.1252975546418444,14.25
SPELLUSDT,1700766899999,2023-11-23 19:14:59,0.000504,1700815499999,2023-11-24 08:44:59,0.000548,8.730158730158728,13.5
SPELLUSDT,1708580699999,2024-02-22 05:44:59,0.0006392,1708581599999,2024-02-22 05:59:59,0.0006386,-0.09386733416771191,0.25
SPELLUSDT,1730240999999,2024-10-29 22:29:59,0.0005723,1730274299999,2024-10-30 07:44:59,0.0005734,0.19220688450113096,9.25
SPELLUSDT,1737656099999,2025-01-23 18:14:59,0.0009681,1737656999999,2025-01-23 18:29:59,0.0009837,1.611403780601172,0.25
SPELLUSDT,1739723399999,2025-02-16 16:29:59,0.0009856,1739728799999,2025-02-16 17:59:59,0.0009422,-4.403409090909099,1.5
SPELLUSDT,1754477999999,2025-08-06 10:59:59,0.0004954,1754478899999,2025-08-06 11:14:59,0.0004824,-2.6241421073879674,0.25
SSVUSDT,1696778099999,2023-10-08 15:14:59,15.98,1696786199999,2023-10-08 17:29:59,15.77,-1.3141426783479402,2.25
SSVUSDT,1707326999999,2024-02-07 17:29:59,30.83,1707327899999,2024-02-07 17:44:59,29.78,-3.405773597145628,0.25
SSVUSDT,1729431899999,2024-10-20 13:44:59,22.581,1729493999999,2024-10-21 06:59:59,23.324,3.2903768655064085,17.25
SSVUSDT,1755878399999,2025-08-22 15:59:59,9.463,1755934199999,2025-08-23 07:29:59,10.118,6.92169502272008,15.5
STRAXUSDT,1704195899999,2024-01-02 11:44:59,1.1156,1704234599999,2024-01-02 22:29:59,1.0738,-3.7468626747938187,10.75
STRAXUSDT,1705280399999,2024-01-15 00:59:59,1.0984,1705313699999,2024-01-15 10:14:59,1.1205,2.0120174799708677,9.25
STRAXUSDT,1708819199999,2024-02-24 23:59:59,1.062,1708820099999,2024-02-25 00:14:59,1.0395,-2.1186440677966067,0.25
STRKUSDT,1731935699999,2024-11-18 13:14:59,0.4729,1731936599999,2024-11-18 13:29:59,0.4763,0.7189680693592756,0.25
STRKUSDT,1732197599999,2024-11-21 13:59:59,0.5064,1732202999999,2024-11-21 15:29:59,0.4973,-1.7969984202211575,1.5
STRKUSDT,1760971499999,2025-10-20 14:44:59,0.1319,1761012899999,2025-10-21 02:14:59,0.1253,-5.003790750568609,11.5
STRKUSDT,1762081199999,2025-11-02 10:59:59,0.1285,1762093799999,2025-11-02 14:29:59,0.1241,-3.424124513618678,3.5
SUIUSDT,1703003399999,2023-12-19 16:29:59,0.6604,1703032199999,2023-12-20 00:29:59,0.6634,0.45427013930950977,8.0
SUIUSDT,1709118899999,2024-02-28 11:14:59,1.6946,1709120699999,2024-02-28 11:44:59,1.6715,-1.3631535465596671,0.5
SUPERUSDT,1711219499999,2024-03-23 18:44:59,1.3248,1711223099999,2024-03-23 19:44:59,1.2823,-3.2080314009661826,1.0
SUPERUSDT,1725845399999,2024-09-09 01:29:59,0.6869,1725892199999,2024-09-09 14:29:59,0.6759,-1.6013975833454666,13.0
SUPERUSDT,1759137299999,2025-09-29 09:14:59,0.6963,1759169699999,2025-09-29 18:14:59,0.6735,-3.2744506678156022,9.0
SWARMSUSDT,1762377299999,2025-11-05 21:14:59,0.01872,1762378199999,2025-11-05 21:29:59,0.01758,-6.089743589743601,0.25
SXPUSDT,1676212199999,2023-02-12 14:29:59,0.3492,1676240099999,2023-02-12 22:14:59,0.3385,-3.064146620847648,7.75
SXPUSDT,1681463699999,2023-04-14 09:14:59,0.6707,1681485299999,2023-04-14 15:14:59,0.654,-2.489935887878327,6.0
SXPUSDT,1682503199999,2023-04-26 09:59:59,0.6155,1682504999999,2023-04-26 10:29:59,0.6087,-1.1047928513403782,0.5
SXPUSDT,1683014399999,2023-05-02 07:59:59,0.5818,1683022499999,2023-05-02 10:14:59,0.5728,-1.5469233413544188,2.25
SXPUSDT,1697463899999,2023-10-16 13:44:59,0.2743,1697464799999,2023-10-16 13:59:59,0.2726,-0.6197593875318919,0.25
SXPUSDT,1726733699999,2024-09-19 08:14:59,0.2298,1726825499999,2024-09-20 09:44:59,0.3062,33.24630113141863,25.5
SXPUSDT,1728624599999,2024-10-11 05:29:59,0.2511,1728657899999,2024-10-11 14:44:59,0.2648,5.4559936280366355,9.25
SXPUSDT,1730023199999,2024-10-27 09:59:59,0.2601,1730024999999,2024-10-27 10:29:59,0.2551,-1.9223375624759724,0.5
SXPUSDT,1730861999999,2024-11-06 02:59:59,0.2769,1730961899999,2024-11-07 06:44:59,0.3019,9.028530155290728,27.75
SXPUSDT,1735530299999,2024-12-30 03:44:59,0.3614,1735567199999,2024-12-30 13:59:59,0.3571,-1.1898173768677438,10.25
SXPUSDT,1755887399999,2025-08-22 18:29:59,0.1873,1755917099999,2025-08-23 02:44:59,0.1857,-0.8542445274959907,8.25
TAOUSDT,1735787699999,2025-01-02 03:14:59,529.37,1735829999999,2025-01-02 14:59:59,517.97,-2.1535032208096374,11.75
THETAUSDT,1689901199999,2023-07-21 00:59:59,0.7975,1689933599999,2023-07-21 09:59:59,0.8113,1.730407523510976,9.0
THETAUSDT,1690280099999,2023-07-25 10:14:59,0.8276,1690280999999,2023-07-25 10:29:59,0.824,-0.4349927501208371,0.25
THETAUSDT,1729432799999,2024-10-20 13:59:59,1.3306,1729452599999,2024-10-20 19:29:59,1.3341,0.26303923042237026,5.5
TNSRUSDT,1730227499999,2024-10-29 18:44:59,0.516,1730242799999,2024-10-29 22:59:59,0.486,-5.813953488372098,4.25
TNSRUSDT,1763564399999,2025-11-19 14:59:59,0.0814,1763690399999,2025-11-21 01:59:59,0.21723,166.86732186732186,35.0
TONUSDT,1743063299999,2025-03-27 08:14:59,3.7912,1743137099999,2025-03-28 04:44:59,3.936,3.819371175353451,20.5
TONUSDT,1748430899999,2025-05-28 11:14:59,3.3553,1748467799999,2025-05-28 21:29:59,3.2951,-1.794176377671148,10.25
TRBUSDT,1654640099999,2022-06-07 22:14:59,15.66,1654658999999,2022-06-08 03:29:59,12.66,-19.157088122605366,5.25
TRBUSDT,1659135599999,2022-07-29 22:59:59,23.74,1659221999999,2022-07-30 22:59:59,27.34,15.164279696714415,24.0
TRBUSDT,1660072499999,2022-08-09 19:14:59,37.49,1660113899999,2022-08-10 06:44:59,36.89,-1.600426780474797,11.5
TRBUSDT,1667497499999,2022-11-03 17:44:59,18.19,1667524499999,2022-11-04 01:14:59,16.88,-7.201759208356252,7.5
TRBUSDT,1689846299999,2023-07-20 09:44:59,10.91,1689880499999,2023-07-20 19:14:59,11.21,2.749770852428971,9.5
TRBUSDT,1691941499999,2023-08-13 15:44:59,11.86,1692008099999,2023-08-14 10:14:59,12.69,6.998313659359192,18.5
TRBUSDT,1696613399999,2023-10-06 17:29:59,53.31,1696643099999,2023-10-07 01:44:59,52.575,-1.378728193584692,8.25
TRBUSDT,1697275799999,2023-10-14 09:29:59,49.71,1697330699999,2023-10-15 00:44:59,50.772,2.1363910681955294,15.25
TRBUSDT,1702016999999,2023-12-08 06:29:59,84.281,1702084499999,2023-12-09 01:14:59,88.463,4.961972449306471,18.75
TRBUSDT,1718198999999,2024-06-12 13:29:59,97.494,1718199899999,2024-06-12 13:44:59,97.913,0.42977003713048695,0.25
TRBUSDT,1718964899999,2024-06-21 10:14:59,104.566,1718986499999,2024-06-21 16:14:59,101.588,-2.847962052674874,6.0
TRBUSDT,1731227399999,2024-11-10 08:29:59,74.842,1731272399999,2024-11-10 20:59:59,83.293,11.291788033457161,12.5
TRBUSDT,1748142899999,2025-05-25 03:14:59,33.225,1748143799999,2025-05-25 03:29:59,33.16,-0.19563581640332528,0.25
TRXUSDT,1651220999999,2022-04-29 08:29:59,0.06614,1651239899999,2022-04-29 13:44:59,0.06613,-0.015119443604490475,5.25
TRXUSDT,1651413599999,2022-05-01 13:59:59,0.0677,1651429799999,2022-05-01 18:29:59,0.06747,-0.339734121122591,4.5
TRXUSDT,1654071299999,2022-06-01 08:14:59,0.08482,1654104599999,2022-06-01 17:29:59,0.08659,2.086771987738733,9.25
TRXUSDT,1665752399999,2022-10-14 12:59:59,0.0638,1665753299999,2022-10-14 13:14:59,0.06388,0.12539184952979723,0.25
TRXUSDT,1685747699999,2023-06-02 23:14:59,0.08211,1685802599999,2023-06-03 14:29:59,0.08308,1.1813421020582129,15.25
TRXUSDT,1721609099999,2024-07-22 00:44:59,0.1363,1721636999999,2024-07-22 08:29:59,0.13557,-0.5355832721936965,7.75
TRXUSDT,1731218399999,2024-11-10 05:59:59,0.16358,1731267899999,2024-11-10 19:44:59,0.16532,1.0636997187920232,13.75
TRXUSDT,1735820999999,2025-01-02 12:29:59,0.26277,1735839899999,2025-01-02 17:44:59,0.26249,-0.10655706511397894,5.25
TRXUSDT,1740936599999,2025-03-02 17:29:59,0.24268,1740966299999,2025-03-03 01:44:59,0.24291,0.09477501236194999,8.25
TRXUSDT,1745664299999,2025-04-26 10:44:59,0.24931,1745720099999,2025-04-27 02:14:59,0.25202,1.087000120332124,15.5
TRXUSDT,1750078799999,2025-06-16 12:59:59,0.27771,1750113899999,2025-06-16 22:44:59,0.27746,-0.0900219653595578,9.75
TSTUSDT,1747047599999,2025-05-12 10:59:59,0.071,1747052999999,2025-05-12 12:29:59,0.069,-2.816901408450687,1.5
TSTUSDT,1758049199999,2025-09-16 18:59:59,0.03486,1758103199999,2025-09-17 09:59:59,0.0475,36.25932300631095,15.0
TURBOUSDT,1726284599999,2024-09-14 03:29:59,0.004367,1726312499999,2024-09-14 11:14:59,0.004153,-4.900389283260834,7.75
TURBOUSDT,1728230399999,2024-10-06 15:59:59,0.0056144,1728251999999,2024-10-06 21:59:59,0.0054833,-2.3350669706469134,6.0
TURBOUSDT,1735920899999,2025-01-03 16:14:59,0.009822,1735965899999,2025-01-04 04:44:59,0.0102022,3.870902056607623,12.5
TURBOUSDT,1746152099999,2025-05-02 02:14:59,0.0050794,1746152999999,2025-05-02 02:29:59,0.0050501,-0.57683978422649,0.25
TURBOUSDT,1747686599999,2025-05-19 20:29:59,0.0056898,1747689299999,2025-05-19 21:14:59,0.0055234,-2.9245316179830523,0.75
UNFIUSDT,1658990699999,2022-07-28 06:44:59,6.842,1659005999999,2022-07-28 10:59:59,6.73,-1.6369482607424615,4.25
UNFIUSDT,1659773699999,2022-08-06 08:14:59,9.467,1659806999999,2022-08-06 17:29:59,9.297,-1.79571141861202,9.25
UNFIUSDT,1661837399999,2022-08-30 05:29:59,8.46,1661840099999,2022-08-30 06:14:59,8.281,-2.115839243498821,0.75
UNFIUSDT,1662704999999,2022-09-09 06:29:59,8.401,1662733799999,2022-09-09 14:29:59,8.208,-2.2973455541006977,8.0
UNFIUSDT,1674274499999,2023-01-21 04:14:59,4.938,1674296999999,2023-01-21 10:29:59,5.075,2.774402592142577,6.25
UNFIUSDT,1675801799999,2023-02-07 20:29:59,6.362,1675811699999,2023-02-07 23:14:59,6.283,-1.241747878025774,2.75
UNFIUSDT,1692620999999,2023-08-21 12:29:59,4.42,1692622799999,2023-08-21 12:59:59,4.309,-2.511312217194565,0.5
UNFIUSDT,1694624399999,2023-09-13 16:59:59,8.672,1694681999999,2023-09-14 08:59:59,8.835,1.8796125461254642,16.0
UNFIUSDT,1696202999999,2023-10-01 23:29:59,7.387,1696238099999,2023-10-02 09:14:59,7.216,-2.3148774874779936,9.75
UNFIUSDT,1700271899999,2023-11-18 01:44:59,9.118,1700272799999,2023-11-18 01:59:59,9.04,-0.855450756744913,0.25
UNFIUSDT,1711300499999,2024-03-24 17:14:59,6.781,1711351799999,2024-03-25 07:29:59,6.952,2.521751953989091,14.25
UNFIUSDT,1718590499999,2024-06-17 02:14:59,4.092,1718597699999,2024-06-17 04:14:59,3.83,-6.402737047898328,2.0
UNFIUSDT,1728400499999,2024-10-08 15:14:59,2.776,1728414899999,2024-10-08 19:14:59,2.702,-2.6657060518731934,4.0
UNFIUSDT,1729151099999,2024-10-17 07:44:59,2.819,1729158299999,2024-10-17 09:44:59,2.825,0.21284143313232448,2.0
UNFIUSDT,1729723499999,2024-10-23 22:44:59,4.938,1729724399999,2024-10-23 22:59:59,2.897,-41.332523288780884,0.25
UNIUSDT,1658708999999,2022-07-25 00:29:59,7.259,1658709899999,2022-07-25 00:44:59,7.264,0.0688800110208003,0.25
UNIUSDT,1658946599999,2022-07-27 18:29:59,7.464,1659068099999,2022-07-29 04:14:59,9.317,24.825830653804925,33.75
UNIUSDT,1660141799999,2022-08-10 14:29:59,9.297,1660149899999,2022-08-10 16:44:59,9.282,-0.16134236850597578,2.25
UNIUSDT,1666714499999,2022-10-25 16:14:59,6.356,1666787399999,2022-10-26 12:29:59,6.624,4.216488357457517,20.25
UNIUSDT,1689264899999,2023-07-13 16:14:59,5.561,1689337799999,2023-07-14 12:29:59,5.868,5.520589821974472,20.25
UNIUSDT,1698859799999,2023-11-01 17:29:59,4.344,1698902999999,2023-11-02 05:29:59,4.6,5.893186003683225,12.0
UNIUSDT,1708699499999,2024-02-23 14:44:59,10.294,1708778699999,2024-02-24 12:44:59,11.929,15.883038663299006,22.0
UNIUSDT,1717518599999,2024-06-04 16:29:59,10.397,1717519499999,2024-06-04 16:44:59,10.33,-0.6444166586515357,0.25
UNIUSDT,1728267299999,2024-10-07 02:14:59,7.374,1728296099999,2024-10-07 10:14:59,7.188,-2.5223759153783556,8.0
UNIUSDT,1730867399999,2024-11-06 04:29:59,8.473,1730947499999,2024-11-07 02:44:59,9.35,10.350525197686755,22.25
UNIUSDT,1748958299999,2025-06-03 13:44:59,6.92,1748985299999,2025-06-03 21:14:59,6.639,-4.060693641618493,7.5
USELESSUSDT,1761481799999,2025-10-26 12:29:59,0.3196,1761503399999,2025-10-26 18:29:59,0.3169,-0.8448060075093805,6.0
USTCUSDT,1709645399999,2024-03-05 13:29:59,0.04199,1709655299999,2024-03-05 16:14:59,0.03945,-6.049059299833296,2.75
USTCUSDT,1711187999999,2024-03-23 09:59:59,0.0293,1711198799999,2024-03-23 12:59:59,0.02935,0.1706484641638274,3.0
USTCUSDT,1717084799999,2024-05-30 15:59:59,0.02512,1717103699999,2024-05-30 21:14:59,0.02359,-6.090764331210192,5.25
USTCUSDT,1729096199999,2024-10-16 16:29:59,0.02281,1729098899999,2024-10-16 17:14:59,0.02209,-3.156510302498912,0.75
USTCUSDT,1731756599999,2024-11-16 11:29:59,0.026402,1731788999999,2024-11-16 20:29:59,0.024458,-7.363078554654942,9.0
USTCUSDT,1746164699999,2025-05-02 05:44:59,0.01352,1746181799999,2025-05-02 10:29:59,0.013448,-0.5325443786982313,4.75
USTCUSDT,1748450699999,2025-05-28 16:44:59,0.013325,1748456999999,2025-05-28 18:29:59,0.01311,-1.6135084427767348,1.75
USTCUSDT,1749868199999,2025-06-14 02:29:59,0.013902,1749870899999,2025-06-14 03:14:59,0.013085,-5.876852251474609,0.75
USTCUSDT,1754186399999,2025-08-03 01:59:59,0.014643,1754194499999,2025-08-03 04:14:59,0.013626,-6.945298094652739,2.25
UXLINKUSDT,1732760099999,2024-11-28 02:14:59,0.6146,1732839299999,2024-11-29 00:14:59,0.6386,3.904978848031225,22.0
UXLINKUSDT,1734135299999,2024-12-14 00:14:59,0.6838,1734160499999,2024-12-14 07:14:59,0.6792,-0.6727113190991426,7.0
UXLINKUSDT,1752368399999,2025-07-13 00:59:59,0.3975,1752380099999,2025-07-13 04:14:59,0.3734,-6.0628930817610085,3.25
VETUSDT,1660144499999,2022-08-10 15:14:59,0.03265,1660145399999,2022-08-10 15:29:59,0.03274,0.2756508422664619,0.25
VETUSDT,1674254699999,2023-01-20 22:44:59,0.0223,1674269999999,2023-01-21 02:59:59,0.02211,-0.8520179372197274,4.25
VETUSDT,1675289699999,2023-02-01 22:14:59,0.02504,1675290599999,2023-02-01 22:29:59,0.02504,0.0,0.25
VIDTUSDT,1743137099999,2025-03-28 04:44:59,0.01815,1743186599999,2025-03-28 18:29:59,0.0181,-0.27548209366390064,13.75
VOXELUSDT,1748105999999,2025-05-24 16:59:59,0.07575,1748160899999,2025-05-25 08:14:59,0.07758,2.415841584158414,15.25
VOXELUSDT,1757488499999,2025-09-10 07:14:59,0.05833,1757490299999,2025-09-10 07:44:59,0.05663,-2.914452254414538,0.5
WAVESUSDT,1659672899999,2022-08-05 04:14:59,6.574,1659701699999,2022-08-05 12:14:59,6.276,-4.5330088226346215,8.0
WAVESUSDT,1677743999999,2023-03-02 07:59:59,2.6523,1677745799999,2023-03-02 08:29:59,2.608,-1.670248463597624,0.5
WAVESUSDT,1688604299999,2023-07-06 00:44:59,2.0293,1688644799999,2023-07-06 11:59:59,2.0547,1.2516631350712002,11.25
WAVESUSDT,1689986699999,2023-07-22 00:44:59,2.0561,1690002899999,2023-07-22 05:14:59,2.0198,-1.7654783327659054,4.5
WAVESUSDT,1702746899999,2023-12-16 17:14:59,2.3391,1702751399999,2023-12-16 18:29:59,2.3377,-0.059852079859787514,1.25
WAVESUSDT,1711966499999,2024-04-01 10:14:59,4.0287,1711967399999,2024-04-01 10:29:59,3.9556,-1.8144810981209754,0.25
WAVESUSDT,1712653199999,2024-04-09 08:59:59,3.3412,1712665799999,2024-04-09 12:29:59,3.3148,-0.7901352807374655,3.5
WIFUSDT,1732541399999,2024-11-25 13:29:59,3.4104,1732542299999,2024-11-25 13:44:59,3.3433,-1.9675111423879879,0.25
WIFUSDT,1747844099999,2025-05-21 16:14:59,1.1433,1747893599999,2025-05-22 05:59:59,1.1121,-2.7289425347677683,13.75
WLDUSDT,1699676099999,2023-11-11 04:14:59,2.0363,1699706699999,2023-11-11 12:44:59,1.9916,-2.1951578843981823,8.5
WLDUSDT,1703943899999,2023-12-30 13:44:59,3.7979,1703956499999,2023-12-30 17:14:59,3.7429,-1.4481687248216044,3.5
WLDUSDT,1705067099999,2024-01-12 13:44:59,3.0761,1705074299999,2024-01-12 15:44:59,2.955,-3.936803094827859,2.0
WLDUSDT,1709445599999,2024-03-03 05:59:59,8.4532,1709450099999,2024-03-03 07:14:59,7.9286,-6.205933847537032,1.25
WLDUSDT,1709950499999,2024-03-09 02:14:59,8.2872,1710034199999,2024-03-10 01:29:59,10.6532,28.55005309392798,23.25
WLDUSDT,1747845899999,2025-05-21 16:44:59,1.2519,1747848599999,2025-05-21 17:29:59,1.1494,-8.187554916526881,0.75
WOOUSDT,1657894499999,2022-07-15 14:14:59,0.17896,1657900799999,2022-07-15 15:59:59,0.17735,-0.8996423781850693,1.75
WOOUSDT,1666718099999,2022-10-25 17:14:59,0.17003,1666728899999,2022-10-25 20:14:59,0.16728,-1.6173616420631507,3.0
WOOUSDT,1689264899999,2023-07-13 16:14:59,0.2311,1689326999999,2023-07-14 09:29:59,0.24478,5.919515361315447,17.25
WOOUSDT,1728320399999,2024-10-07 16:59:59,0.18173,1728326699999,2024-10-07 18:44:59,0.18027,-0.803389643977323,1.75
WOOUSDT,1728906299999,2024-10-14 11:44:59,0.18646,1728964799999,2024-10-15 03:59:59,0.19103,2.4509278129357606,16.25
WOOUSDT,1730220299999,2024-10-29 16:44:59,0.19794,1730285999999,2024-10-30 10:59:59,0.20422,3.172678589471561,18.25
WOOUSDT,1758979799999,2025-09-27 13:29:59,0.07258,1758995099999,2025-09-27 17:44:59,0.06964,-4.0507026729126645,4.25
XEMUSDT,1667559599999,2022-11-04 10:59:59,0.0416,1667624399999,2022-11-05 04:59:59,0.0413,-0.7211538461538335,18.0
XEMUSDT,1677458699999,2023-02-27 00:44:59,0.0439,1677474899999,2023-02-27 05:14:59,0.0438,-0.22779043280182887,4.5
XEMUSDT,1689121799999,2023-07-12 00:29:59,0.0319,1689162299999,2023-07-12 11:44:59,0.032,0.31347962382446043,11.25
XLMUSDT,1664490599999,2022-09-29 22:29:59,0.11642,1664491499999,2022-09-29 22:44:59,0.1152,-1.0479299089503513,0.25
XLMUSDT,1666718999999,2022-10-25 17:29:59,0.11204,1666728899999,2022-10-25 20:14:59,0.11164,-0.3570153516601192,2.75
XLMUSDT,1667553299999,2022-11-04 09:14:59,0.11389,1667577599999,2022-11-04 15:59:59,0.1127,-1.0448678549477657,6.75
XLMUSDT,1689263999999,2023-07-13 15:59:59,0.10793,1689336899999,2023-07-14 12:14:59,0.14895,38.00611507458538,20.25
XLMUSDT,1699910099999,2023-11-13 21:14:59,0.12837,1699910999999,2023-11-13 21:29:59,0.1217,-5.195918049388493,0.25
XLMUSDT,1723063499999,2024-08-07 20:44:59,0.09852,1723076099999,2024-08-08 00:14:59,0.09935,0.8424685343077523,3.5
XLMUSDT,1734427799999,2024-12-17 09:29:59,0.45196,1734443999999,2024-12-17 13:59:59,0.44581,-1.3607398884857043,4.5
XLMUSDT,1735733699999,2025-01-01 12:14:59,0.3627,1735799399999,2025-01-02 06:29:59,0.41518,14.469258340226073,18.25
XMRUSDT,1641995999999,2022-01-12 13:59:59,199.72,1641996899999,2022-01-12 14:14:59,197.86,-0.9313038253554904,0.25
XMRUSDT,1644922799999,2022-02-15 10:59:59,179.7,1644923699999,2022-02-15 11:14:59,179.87,0.09460211463551248,0.25
XMRUSDT,1646781299999,2022-03-08 23:14:59,193.45,1646827199999,2022-03-09 11:59:59,193.3,-0.07753941586972203,12.75
XMRUSDT,1649105999999,2022-04-04 20:59:59,223.61,1649111399999,2022-04-04 22:29:59,221.79,-0.8139170877867813,1.5
XRPUSDT,1649990699999,2022-04-15 02:44:59,0.7573,1650032999999,2022-04-15 14:29:59,0.7643,0.9243364584708843,11.75
XRPUSDT,1660699799999,2022-08-17 01:29:59,0.3915,1660701599999,2022-08-17 01:59:59,0.3856,-1.5070242656449593,0.5
XRPUSDT,1666722599999,2022-10-25 18:29:59,0.471,1666723499999,2022-10-25 18:44:59,0.4678,-0.6794055201698473,0.25
XRPUSDT,1667550599999,2022-11-04 08:29:59,0.4628,1667624399999,2022-11-05 04:59:59,0.4966,7.303370786516854,20.5
XRPUSDT,1689263999999,2023-07-13 15:59:59,0.5919,1689338699999,2023-07-14 12:44:59,0.7865,32.877175198513264,20.75
XRPUSDT,1697759099999,2023-10-19 23:44:59,0.5214,1697782499999,2023-10-20 06:14:59,0.5089,-2.3973916378979587,6.5
XRPUSDT,1699910099999,2023-11-13 21:14:59,0.6942,1699910999999,2023-11-13 21:29:59,0.6586,-5.128205128205139,0.25
XRPUSDT,1710173699999,2024-03-11 16:14:59,0.6965,1710214199999,2024-03-12 03:29:59,0.6953,-0.17229002153624967,11.25
XRPUSDT,1722335399999,2024-07-30 10:29:59,0.6225,1722350699999,2024-07-30 14:44:59,0.6156,-1.1084337349397617,4.25
XRPUSDT,1723063499999,2024-08-07 20:44:59,0.6114,1723077899999,2024-08-08 00:44:59,0.5787,-5.34838076545634,4.0
XRPUSDT,1736612099999,2025-01-11 16:14:59,2.4084,1736666099999,2025-01-12 07:14:59,2.5149,4.422022919780769,15.0
XRPUSDT,1740932999999,2025-03-02 16:29:59,2.762,1740984299999,2025-03-03 06:44:59,2.7083,-1.9442433019551077,14.25
YGGUSDT,1702727999999,2023-12-16 11:59:59,0.4068,1702784699999,2023-12-17 03:44:59,0.4434,8.99705014749263,15.75
YGGUSDT,1706554799999,2024-01-29 18:59:59,0.477,1706557499999,2024-01-29 19:44:59,0.4711,-1.2368972746331155,0.75
YGGUSDT,1709977499999,2024-03-09 09:44:59,0.8439,1710035999999,2024-03-10 01:59:59,0.8824,4.562151913733852,16.25
YGGUSDT,1731948299999,2024-11-18 16:44:59,0.5488,1731949199999,2024-11-18 16:59:59,0.5465,-0.4190962099125308,0.25
YGGUSDT,1755883799999,2025-08-22 17:29:59,0.1741,1755916199999,2025-08-23 02:29:59,0.1691,-2.8719126938541093,9.0
YGGUSDT,1760506199999,2025-10-15 05:29:59,0.1951,1760533199999,2025-10-15 12:59:59,0.1793,-8.098411071245518,7.5
ZECUSDT,1717533899999,2024-06-04 20:44:59,27.61,1717537499999,2024-06-04 21:44:59,27.46,-0.5432814197754385,1.0
ZECUSDT,1731770999999,2024-11-16 15:29:59,41.33,1731771899999,2024-11-16 15:44:59,41.0,-0.7984514880232236,0.25
ZECUSDT,1732668299999,2024-11-27 00:44:59,52.62,1732669199999,2024-11-27 00:59:59,50.95,-3.173698213606983,0.25
ZECUSDT,1734877799999,2024-12-22 14:29:59,58.01,1734878699999,2024-12-22 14:44:59,57.34,-1.1549732804688755,0.25
ZECUSDT,1745826299999,2025-04-28 07:44:59,38.3,1745848799999,2025-04-28 13:59:59,36.45,-4.830287206266304,6.25
ZECUSDT,1758645899999,2025-09-23 16:44:59,53.82,1758685499999,2025-09-24 03:44:59,53.95,0.24154589371981153,11.0
ZENUSDT,1676124899999,2023-02-11 14:14:59,12.434,1676125799999,2023-02-11 14:29:59,11.826,-4.889818240308821,0.25
ZENUSDT,1688114699999,2023-06-30 08:44:59,8.529,1688170499999,2023-07-01 00:14:59,8.626,1.137296283268842,15.5
ZENUSDT,1711710899999,2024-03-29 11:14:59,14.946,1711717199999,2024-03-29 12:59:59,14.763,-1.2244078683259723,1.75
ZENUSDT,1734556499999,2024-12-18 21:14:59,14.687,1734557399999,2024-12-18 21:29:59,14.711,0.16340981820658346,0.25
ZENUSDT,1747826999999,2025-05-21 11:29:59,9.742,1747848599999,2025-05-21 17:29:59,9.559,-1.8784643810306054,6.0
ZENUSDT,1748595599999,2025-05-30 08:59:59,10.515,1748598299999,2025-05-30 09:44:59,9.744,-7.332382310984316,0.75
ZENUSDT,1759955399999,2025-10-08 20:29:59,11.25,1759990499999,2025-10-09 06:14:59,11.353,0.9155555555555535,9.75
ZENUSDT,1761465599999,2025-10-26 07:59:59,12.36,1761540299999,2025-10-27 04:44:59,13.567,9.765372168284795,20.75
ZORAUSDT,1760998499999,2025-10-20 22:14:59,0.10395,1761007499999,2025-10-21 00:44:59,0.10128,-2.5685425685425742,2.5
ZROUSDT,1756451699999,2025-08-29 07:14:59,2.0547,1756452599999,2025-08-29 07:29:59,2.0412,-0.6570302233902792,0.25
